pos_id,pos_text,neg_id,neg_text
Page_V01P665," 000000000000000000000000000000000
  التورية والتأويل لان خصمه ظالم إن
 علم أو مخطئ إن جهل فلو حلف إنسان ابتداء أو حلفه غير الحاكم اعتبر نية
 الحالف ونفعته التورية وإن كانت حراما حيث يبطل بها حق المستحق.
 واليمين يقطع الخصومة حالا لا الحق فلا تبرأ ذمته إن كان كاذبا فلو حلفه
 ثم أقام بينة بما ادعاه حكم بها كما لو أقر الخصم بعد حلفه والنكول أن يقول
 أنا ناكل أو يقول له القاضي احلف فيقول لا أحلف.
 واليمين المردودة وهي يمين المدعي بعد النكول كإقرار المدعى عليه لا
 كالبينة فلو أقام المدعى عليه بعدها بينة بأداء أو إبراء لم تسمع لتكذيبه
 لها بإقراره.
 وقال الشيخان في محل تسمع وصحح الأسنوي الأول والبلقيني الثاني وقال
 شيخنا والمتجه الأول.
 فرع [في بيان صفة كفارة اليمين] : يتخير في كفارة اليمين بين عتق رقبة
 كاملة مؤمنة بلا عيب يخل بالعمل أو الكسب ولو نحو غائب علمت حياته أو إطعام
 عشرة مساكين كل مسكين مد1 حب من غالب قوت البلد أو كسوتهم بما يسمى كسوة
 كقميص أو إزار أو مقنعة أو منديل يحمل في اليد أو الكم لا خف فإن عجز عن
 الثلاثة لزمه صوم ثلاثة أيام ولا يجب تتابعها خلافا  لكثيرين. 
",Page_V01P638," وإذا ادعيا شيئا في يد ثالث وأقاما بينة سقطتا أو
 بيدهما فهو لهما أو بيد أحدهما قدمت بينته,
  يقيم المدعي بينة أنها له ولو أصر
 المدعى عليه على سكوت عن جواب للدعوى فنأكل إن حكم القاضي بنكوله.
 وإذا ادعيا أي اثنان أي كل منهما شيئا في يد ثالث لم يسنده إلى أحدهما
 قبل البينة ولا بعدها وأقاما أي كل منهما بينة به سقطتا لتعارضهما ولا مرجح
 فكان كما لا بينة فإن أقر ذو اليد لأحدهما قبل البينة أو بعدها رجحت بينته
 أو ادعيا شيئا بيدهما وأقاما بينتين فهو لهما إذ ليس أحدهما أولى به من
 الآخر أما إذا لم يكن
 بيد أحد وشهدت بينة كل له بالكل فيجعل بينهما ومحل التساقط إذا وقع تعارض
 حيث لم يتميز أحدهما بمرجح وإلا قدم وهو بيان نقل الملك ثم اليد فيه للمدعي
 أو لمن أقر له به أو انتقل له منه ثم شاهدان مثلا على شاهد ويمين ثم سبق
 ملك أحدهما بذكر زمن أو بيان أنه ولد في ملكه مثلا ثم بذكر سبب الملك أو
 ادعيا شيئا بيد أحدهما تصرفا أو إمساكا قدمت بينته من غير يمين وإن تأخر 
 تاريخها أو كانت شاهدا ويمينا وبينة
 الخارج شاهدين أو لم تبين سبب الملك من شراء وغيره ترجيحا لبينة صاحب
 اليد بيده ويسمى الداخل وإن حكم بالأولى قبل قيام الثانية أو بينت بينة
 الخارج سبب ملكه نعم لو شهدت بينة الخارج بأنه أشتراه منه أو من بائعه مثلا
 قدمت لبطلان اليد
"
Page_V01P198," 4- وفي وقت ظهر,
  بين أن يحضروا البلد للجمعة وبين
 أن يقيموها في قريتهم وإذا حضروا البلد لا يكمل بهم العدد لأنهم في حكم 
 المسافرين وإذا لم يكن في القرية جمع تنعقد بهم الجمعة ولو بامتناع بعضهم
 منها يلزمهم السعي إلى بلد يسمعون من جانبه النداء.
 قال ابن عجيل: ولو تعددت مواضع متقاربة وتميز كل باسم فلكل حكمه.
 قال شيخنا: إنما يتجه ذلك إن عد كل مع ذلك قرية مستقلة عرفا.
 فرع لو أكره السلطان أهل قرية إن ينتقلوا منها ويبنوا في موضع آخر فسكنوا
 فيه وقصدهم العود إلى البلد الأول إذا فرج الله عنهم لا تلزمهم الجمعة بل
 لا تصح منهم لعدم الاستيطان.
 | 4- 
 ورابعها: وقوعها في وقت ظهر فلو ضاق الوقت عنها وعن خطبتيها أو شك في ذلك
 صلوا ظهرا ولو خرج الوقت يقينا أو ظنا وهم فيها ولو قبيل السلام وإن كان
 ذلك بإخبار عدل على الأوجه وجب الظهر بناء على ما مضى وفاتت الجمعة بخلاف
 ما لو شك في خروجه لأن الأصل بقاؤء.
 ومن شروطهما أن لا يسبقها بتحرم ولا يقارنها فيه جمعة بمحلها إلا أن كثر
 أهله وعسر اجتماعهم بمكان واحد منه ولو غير مسجد من غير
",Page_V01P197," وبمحل معدود من البلد,
  ولا تنعقد الجمعة بأقل من أربعين
 خلافا لأبي حنيفة رحمه الله تعالى فتنعقد عنده بأربعة ولو عبيدا أو
 مسافرين.
 ولا يشترط عندنا إذن السلطان لإقامتها ولا كون محلها مصرا خلافا له فيهما
 وسئل البلقيني عن أهل قرية لا يبلغ عددهم أربعين هل يصلون الجمعة أو الظهر؟
 فأجاب رحمه الله: يصلون الظهر على مذهب الشافعي.
 وقد أجاز جمع من العلماء أن يصلوا الجمعة وهو قوي فإذا قلدوا أي جميعهم
 من قال هذه المقالة فإنهم يصلون الجمعة وإن احتاطوا فصلوا الجمعة ثم الظهر
 كان حسنا.
 | 3- 
 وثالثها: وقوعها بمحل معدود من البلد ولو بفضاء الظهر كان حسنا معدود
 منها بأن كان في محل لا تقصر فيه الصلاة وإن لم يتصل بالأبنية بخلاف محل
 غير معدود منها وهو ما يجوز السفر1 القصر منه.
 فرع لو كان في قرية أربعون كاملون لزمتهم الجمعة بل يحرم عليهم على
 المعتمد تعطيل محلهم من إقامتها والذهاب إليها في بلد أخرى وإن سمعوا
 النداء.
 قال ابن الرفعة وغيره: إنهم إذا سمعوا النداء من مصر فهم مخيرون
"
Page_V01P085," وثالثها: ستر رجل وأمة ما بين سرة وركبة,
  القبلة ولا يستدبرها ويحرمان في
 غير المعد وحيث لا ساتر فلو استقبلها بصدره وحول فرجه عنها ثم بال لم يضر
 بخلاف عكسه.
 ولا يستاك ولا يبزق في بوله.
 وأن يقول عند دخوله: اللهم إني أعوذ بك من الخبث والخبائث. [البخاري رقم:
 142 ومسلم رقم: 375]
 والخروج: غفرانك الحمد لله الذي أذهب عني الأذى وعافاني وبعد الاستنجاء:
 اللهم طهر قلبي من النفاق وحصن فرجي من الفواحش. [قال الحافظ العراقي في
 تخريج أحاديث الإحياء هكذا وقع في نسخ الإحياء عن أبي سعيد وإنما هو عن أم
 معبد وكذا رواه الخطيب في التاريخ دون قوله: وفرجي من الزنا وزاد: وعملي من
 الرياء وعيني من الخيانة وإسناده ضعيف. انتهى] .
 قال البغوي: لو شك بعد الاستنجاء هل غسل ذكره لم تلزمه إعادته.
 ثالثها: أي شروط الصلاة ستر رجل ولو صبيا وأمة ولو مكاتبة وأم ولد ما بين
 سرة وركبة لهما ولو خاليا في ظلمة للخبر  الصحيح: لا يقبل الله صلاة حائض أي
 بالغ إلا بخمار. [الترمذي رقم: 277, أبو داود رقم: 641, ابن ماجه رقم: 655,
 مسند أحمد رقم: 24641, 25305, 25694] .
 ويجب ستر جزء منهما ليتحقق به ستر العورة.
",Page_V01P582," سرق ربع دينار أو قيمته من حرز لا مغصوبا أو فيه
  سرق أي أخذ خفية.
 ربع دينار أي مثقال1 ذهبا مضروبا خالصا وإن تحصل من مغشوش أو قيمته
 بالذهب المضروب الخالص وإن كان الربع لجماعة فلا يقطع بكونه ربع دينار
 سبيكة أو حليا لا يساوي ربعا مضروبا من حرز أي موضع يحرز فيه مثل ذلك
 المسروق عرفا ولا قطع بما للسارق فيه شركة ولا بملكه وإن تعلق به نحو رهن.
 ولو اشترك اثنان في إخراج نصاب فقط لم يقطع واحد منهما.
 وخرج ب سرق ما لو اختلس معتمدا الهرب أو انتهب معتمدا القوة فلا يقطع
 بهما لخبر الصحيح به [الترمذي رقم: 1448, النسائي رقم: 4971, 4975, أبو
 داود رقم: 4391, 4392, ابن ماجه رقم: 2591, مسند أحمد رقم: 14652, الدارمي
 رقم: 2310] . ولإمكان دفعهم بالسلطان وغيره بخلاف السارق لأخذه خفية فشرع
 قطعه زجرا.
 لا  حال كون المال مغصوبا فلا يقطع سارقه من حرز الغاصب وإن لم يعلم أنه
 مغصوب لان مالكه لم يرض بإحرازه به أو حال كونه فيه أي في مكان مغصوب فلا
 قطع أيضا بسرقة من حرز مغصوب لان الغاصب ممنوع من الإحراز به بخلاف نحو
 مستأجر ومعار ويختلف الحرز باختلاف الأموال والأحوال والأوقات فحرز الثوب
"
Page_V01P077," وككلب وخنزير,
  نهاية الحموضة وإن قذفت بالزبد.
 ويطهر جلد نجس بالموت باندباغ نقاه بحيث لا يعود إليه نتن ولا فساد لو
 نقع في الماء.
 وككلب وخنزير وفرع كل منهما مع الآخر أو مع غيره ودود ميتتهما طاهر وكذا
 نسج عنكبوت على المشهور كما قاله السبكي والأذرعي وجزم صاحب العدة والحاوي
 بنجاسته.
 وما يخرج من جلد نحو حية في حياتها كالعرق على ما أفتى به بعضهم لكن قال
 شيخنا: فيه نظر بل الأقرب أنه نجس لأنه جزء متجسد منفصل من حي فهو كميتته.
 وقال أيضا: لو نزا كلب أو خنزير على آدمية فولدت آدميا كان الولد نجسا1
 ومع ذلك هو مكلف بالصلاة وغيرها.
 وظاهر أنه يعفى عما يضطر إلى ملامسته.
 وأنه تجوز إمامته إذ لا إعادة عليه ودخوله المسجد حيث لا رطوبة للجماعة
 ونحوها.
 ويطهر متنجس بعينية بغسل مزيل لصفاتها من طعم ولون وريح ولا يضر بقاء لون
 أو ريح عسر زواله
 ولو من مغلظ فإن بقيا معا لم يطهر. 
",Page_V01P074," 000000000000000000000000000000000
  قال شيخنا كالسيوطي تبعا لبعض
 المتأخرين إنه يعفى عن يسير عرفا من شعر نجس من غير مغلظ.
 ومن دخان نجاسة وما على رجل ذباب وإن رؤي وما على منفذ غير آدمي مما خرج
 منه وذرق طير وما على فمه وروث ما نشؤه من الماء أو بين أوراق شجر النارجيل
 التي تستر بها البيوت عن المفطر حيث يعسر صون الماء عنه.
 قال جمع: وكذا ما تلقيه الفئران من الروث في حياض إلا خلية إذا عم
 الابتلاء به ويؤيده بحث الفزاري وشرط ذلك كله إذا كان في الماء أن لا يغير.
 انتهى.
 والزباد طاهر.
 ويعفى عن قليل شعره كالثلاث كذا أطلقوه ولم يبينوا أن المراد القليل في
 المأخوذ للاستعمال أو في الإناء المأخوذ منه.
 قال شيخنا: والذي يتجه الأول إن كان جامدا لان العبرة فيه بمحل النجاسة
 فقط فإن كثرت في محل واحد لم  يعف عنه وإلا عفي بخلاف المائع فإن جميعه
 كالشيء الواحد.
 فإن قل الشعر فيه عفي عنه وإلا فلا ولا نظر للمأخوذ حينئذ.
 ونقل المحب الطبري عن ابن الصباغ واعتمده أنه يعفى عن جرة البعير ونحوه
 فلا ينجس ما شرب منه.
"
Page_V01P657," وعلى ملك به أو بيد وتصرف تصرف ملاك مدة طويلة.
  سمعت الناس يقولون كذا بل يقول
 أشهد أنه ابنه مثلا.
 وله الشهادة بلا معارض على ملك به أي بالتسامع ممن ذكر أو بيد وتصرف تصرف
 ملاك كالسكنى والبناء والبيع والرهن والإجارة مدة طويلة عرفا فلا تكفي
 الشهادة بمجرد اليد لأنها لا تستلزمه ولا بمجرد التصرف لأنه قد يكون بنيابة
 ولا تصرف بمدة قصيرة نعم إن انضم للتصرف استفاضة أن الملك له جازت الشهادة
 به وإن قصرت المدة ولا يكفي قول الشاهد رأيت ذلك  سنين واستثنوا من ذلك
 الرقيق فلا تجوز الشهادة بمجرد اليد والتصرف في المدة الطويلة إلا إن انضم
 لذلك السماع من ذي اليد أنه له كما في الروضة للاحتياط في الحرية وكثرة
 استخدام الأحرار واستصحاب لما سبق من نحو إرث وشراء وإن احتمل زواله للحاجة
 الداعية إلى ذلك ولان الأصل بقاء الملك.
 وشرط ابن أبي الدم في الشهادة بالتسامع أن لا يصرح بأن مستنده الاستفاضة
 ومثلها الاستصحاب ثم اختار وتبعه السبكي وغيره أنه إن ذكره تقوية لعلمه بأن
 جزم بالشهادة ثم قال مستندي الاستفاضة أو الاستصحاب سمعت شهادته وإلا كأن
 قال شهدت بالاستفاضة بكذا فلا خلافا للرافعي.
 واحترز بقولي بلا معارض عما إذا كان في النسب مثلا طعن من بعض الناس لم
 تجز الشهادة بالتسامع لوجود معارض.
",Page_V01P656," وله بلا معارض شهادة على نسب وعتق ونكاح وملك بتسامع
 من جمع يؤمن كذبهم,
  حال صدوره فلا يقبل فيه أصم لا
 يسمع شيئا ولا أعمى في مرئي لانسداد طرق التمييز مع اشتباه الأصوات ولا
 يكفي سماع شاهد من وراء حجاب وإن علم صوته لان ما أمكن إدراكه بإحدى الحواس
 لا يجوز أن يعمل فيه بغلبة ظن لجواز اشتباه الأصوات.
 قال شيخنا: نعم لو علمه ببيت وحده وعلم أن الصوت ممن في البيت جاز اعتماد
 صوته وإن لم يره وكذا لو علم اثنين ببيت لا ثالث لهما وسمعهما يتعاقدان
 وعلم الموجب منهما من القابل لعلمه بمالك المبيع أو نحو ذلك فله الشهادة
 بما سمعه منهما انتهى.
 ولا يصح تحمل شهادة على منتقبة اعتمادا على صوتها كما لا يتحمل بصير في
 ظلمة اعتمادا عليه لاشتباه الأصوات نعم لو سمعها فتعلق بها إلى القاضي وشهد
 عليها جاز كالأعمى بشرط أن تكشف نقابها ليعرف القاضي صورتها.
 وقال جمع لا ينعقد نكاح منقبة إلا إن عرفها الشاهدان اسما ونسبا وصورة.
 وله أي للشخص بلا معارض شهادة على نسب ولو من أم أو قبيلة وعتق ووقف وموت
 ونكاح وملك بتسامع أي استفاضة من جمع يؤمن كذبهم أي تواطؤهم عليه لكثرتهم
 فيقع العلم أو الظن القوي بخبرهم ولا يشترط حريتهم ولا ذكورتهم ولا يكفي أن
 يقول
"
Page_V01P353," 000000000000000000000000000000000
  وله بيع ماله نسيئة لمصلحة وعليه
 أن يرتهن بالثمن رهنا وافيا إن لم يكن المشتري موسرا.
 ولولي إقراض مال محجور لضرورة.
 ولقاض ذلك مطلقا بشرط كون المقترض مليئا أمينا.
 ولا ولاية لام على الأصح ومن أدلى بها ولا لعصبة نعم لهم الإنفاق من مال
 الطفل في تأديبه وتعليمه لأنه قليل فسومح به عند فقد الولي الخاص.
 ويصدق أب أو جد في أنه تصرف لمصلحة بيمينه وقاض بلا يمين إن كان ثقة عدلا
 مشهور العفة وحسن السيرة لا وصي وقيم وحاكم وفاسق بل المصدق بيمينه هو
 المحجور حيث لا بينة لأنهم قد يتهمون.
 ومن ثم: لو كانت الأم وصية كانت كالأولين وكذا آباؤها.
 فرع ليس لولي أخذ شيء من مال موليه إن كان غنيا مطلقا فإن كان فقيرا
 وانقطع بسببه عن كسبه: أخذ قدر نفقته وإذا أيسر: لم يلزمه بدل ما أخذه.
 قال الأسنوي: هذا في وصي وأمين أما أب أو جد فيأخذ قدر كفايته اتفاقا
 سواء الصحيح وغيره1. 
",Page_V01P342," وملك مقترض بقبض ولمقرض استرداد
  إقراض مال المحجور عليه بلا ضرورة
 لكثرة أشغاله إن كان المقترض أمينا موسرا.
 وملك مقترض بقبض بإذن مقرض وإن لم يتصرف فيه كالموهوب.
 قال شيخنا: والأوجه في النقوط المعتاد في الأفراح أنه هبة لا قرض وإن
 اعتيد رد مثله.
 ولو أنفق على أخيه الرشيد وعياله سنين وهو ساكت: لا يرجع به على الأوجه.
 وجاز لمقرض استرداد حيث بقي ذلك المقترض وإن زال عن ملكه ثم عاد على
 الأوجه بخلاف ما لو تعلق به حق لازم كرهن وكتابة فلا يرجع فيه حينئذ نعم:
 لو آجره رجع فيه.
 ويجب على المقترض رد المثل في المثلى وهو النقد والحبوب ولو نقدا أبطله
 السلطان لأنه أقرب إلى حقه.
 ورد المثل صورة في المتقوم وهو الحيوان والثياب والجواهر.
 ولا يجب قبول الرديء عن الجيد ولا قبول المثل في غير محل الإقراض إن كان
 له غرض صحيح كأن كان لنقله مؤنة ولم يتحملها المقترض أو كان الموضع مخوفا.
 ولا يلزم المقترض الدفع في غير محل الإقراض إلا إذا لم يكن لحملة مؤنة أو
 له مؤنة وتحملها المقرض لكن له مطالبة في غير محل
"
Page_V01P226," كغسله وهو من مات في قتال كفار لا أسير قتل صبرا,
  ويطلق لفظ الشهيد على من قاتل
 لتكون كلمة الله هي العليا فهو شهيد الدنيا والآخرة وعلى من قاتل لنحو حمية
 فهو شهيد الدنيا وعلى مقتول ظلما وغريق وحريق ومبطون أي من قتله بطنه
 كاستسقاء أو إسهال.
 فهم الشهداء في الآخرة فقط.
 كغسله أي الشهيد ولو جنبا لأنه صلى الله عليه وسلم لم يغسل قتلى أحد.
 ويحرم إزالة دم شهيد.
 وهو من مات في قتال كفار أو كافر واحد قبل انقضائه وإن قتل مدبرا.
 بسببه أي القتال كأن أصابه سلاح مسلم آخر خطأ أو قتله مسلم استعانوا به
 أو تردى ببئر حال قتال1 أو جهل ما مات به وإن لم يكن به أثر دم.
 لا أسير قتل صبرا فإنه ليس بشهيد على الأصح لان قتله ليس بمقاتلة ولا من
 مات بعد انقضائه وقد  بقي فيه حياة مستقرة إن قطع بموته بعد من جرح به.
 أما من حركته حركة مذبوح عند انقضائه فشهيد جزما والحياة المستقرة ما
 تجوز أن يبقى يوما أو يومين على ما قاله النووي والعمراني. 
",Page_V01P573," ويستتاب مرتد ثم قتل بلا إمهال.
  تنبيه: ينبغي للمفتي أن يحتاط في
 التكفير ما أمكنه لعظم خطره وغلبة عدم قصده سيما من العوام وما زال أئمتنا
 على ذلك قديما وحديثا.
 ويستتاب وجوبا مرتد ذكرا كان أو أنثى لأنه كان محترما بالإسلام وربما
 عرضت له شبهة فتزال.
 ثم إن لم يتب بعد الاستتابة قتل أي قتله الحاكم ولو بنائبه بضرب الرقبة
 لا بغيره.
 بلا إمهال أي تكون الاستتابة والقتل حالا لخبر البخاري: من بدل دينه
 فاقتلوه فإذا أسلم صح إسلامه وترك وإن تكررت ردته لإطلاق النصوص نعم يعزر
 من تكررت ردته لا في أول مرة إذا تاب خلافا لما زعمه جهلة القضاة.
 تتمة [في بيان ما يحصل به الإسلام مطلقا على الكافر الأصلي وعلى المرتد]
 : إنما يحصل إسلام كل كافر أصلي أو مرتد بالتلفظ بالشهادتين من الناطق فلا
 يكفي ما بقلبه من
 الإيمان وإن قال به الغزالي وجمع محققون ولو بالعجمية وإن أحسن العربية
 على المنقول المعتمد لا بلغة
 لقنها بلا فهم ثم بالاعتراف برسالته ص إلى غير العرب ممن ينكرها فيزيد
 العيسوي من اليهود محمد رسول الله إلى جميع
"
Page_V01P673," 000000000000000000000000000000000
  يقول المؤلف عفا الله عنه وعن
 آبائه ومشايخه: فرغت من تبييض هذا الشرح ضحوة يوم الجمعة الرابع والعشرين
 من شهر رمضان المعظم قدره سنة اثنتين وثمانين وتسعمائة وأرجو الله سبحانه
 وتعالى أن يقبله وأن يعم النفع به ويرزقنا الإخلاص فيه ويعيذنا به من
 الهاوية ويدخلنا به في جنة عالية وأن يرحم امرأ نظر بعين الإنصاف إليه ووقف
 على خطأ فأطلعني عليه أو أصلحه.
 الحمد لله رب العالمين اللهم صل وسلم على سيدنا محمد وعلى آله وصحبه كلما
 ذكرك وذكره الذاكرون وغفل عن ذكرك وذكره الغافلون وعلينا معهم برحمتك يا
 أرحم الراحمين.
",Page_V01P599," على مكلف ذكر حر
  العاطس المميز عقب عطاسه بأن لم
 يتخلل بينهما فوق سكتة تنفس أوعى فإنه يسن له أن يقول عقبه الحمد لله وأفضل
 منه الحمد لله رب العالمين وأفضل منه الحمد لله على كل حال.
 وخرج بقولي حمد الله من لم يحمده عقبه فلا يسن التشميت له فإن شك قال
 يرحم الله من حمده.
 ويسن تذكيره الحمد وعند توالي العطاس يشمته لثلاث ثم يدعو له بالشفاء
 ويسر به المصلي ويحمد في نفسه إن كان مشغولا بنحو بول أو جماع ويشترط رفع
 بكل بحيث يسمعه صاحبه.
 ويسن للعاطس وضع شيء على وجهه وخفض صوته ما أمكنه وإجابة مشمته بنحو
 يهديكم الله ويصلح بالكم أو يغفر الله لكم للأمر به.
 ويسن للمتثائب رد التثاؤب طاقته وستر فيه ولو في الصلاة بيده اليسرى.
 ويسن إجابة الداعي بلبيك.
 والجهاد فرض كفاية على كل مسلم مكلف أي بالغ عاقل لرفع القلم عن غيرهما.
 ذكر لضعف المرأة عنه غالبا.
 حر فلا يجب على ذي رق ولو مكاتبا ومبعضا وإن أذن له
"
Page_V01P565," موجب العمد قود والدية بدل وهي مئة بعير مثلثة في عمد
 وشبهه ثلاثون حقة,
  قال شيخنا: ويظهر أنه لا أثر
 لاعتياد أن لا مطالبة في ذلك بل لا بد في انتفائها  من صريح الإذن.
 تنبيه [في ما يوجب القصاص في غير النفس] يجب قصاص في أعضاء حيث أمكن من
 غيره ظلم كيد ورجل وأصابع وأنامل وذكر وأنثيين وأذن وسن ولسان وشفة وعين
 وجفن ومارن أنف وهو ما لان منه. ويشترط لقصاص الطرف والجرح ما شرط للنفس
 ولا يؤخذ يمين بيسار وأعلى بأسفل وعكسه ولا قصاص في كسر عظم ولو قطعت يد من
 وسط ذراع اقتص في الكف وفي الباقي حكومة ويقطع جمع بيد تحاملوا عليها دفعة
 واحدة بمحدد فأبانوها ومن قتل بمحدد أو خنق أو تجويع أو تغريق بماء اقتص إن
 شاء بمثله أو بسحر فبسيف.
 موجب العمد قود أي قصاص سمي ذلك قودا لأنهم يقودون الجاني بحبل وغيره
 قاله الأزهري.
 والدية عند سقوطه بعفو عنه عليه أو بغير عفو بدل عنه فلو عفا المستحق عنه
 مجانا أو مطلقا فلا شيء.
 وهي أي الدية لقتل حر مسلم ذكر معصوم مائة بعير مثلثة في عمد وشبهه أي
 ثلاثة أقسام فلا نظر لتفاوتها عددا ثلاثون حقه,
",Page_V01P563," وشرط في قتيل عصمة وقاتل تكليف
  فرع: لو اندملت الجراحة واستمرت
 الحمى حتى مات فإن قال عدلا طب إنها من الجرح فالقود وإلا فلا ضمان.
 وشرط أي للقصاص في النفس في القتل كونه عمدا ظلما فلا قود في الخطأ وشبه
 العمد وغير الظلم.
 وفي قتيل عصمة بإيمان أو أمان يحقن دمه بعقد ذمة أو عهد فيهدر الحربي
 والمرتد وزان محصن قتله مسلم
 ليس زانيا محصنا سواء أثبت زناه ببينة أم بإقرار لم يرجع عنه.
 وخرج بقولي ليس زانيا محصنا الزاني المحصن فيقتل به ما لم يأمره الإمام
 بقتله.
 قال شيخنا: ويظهر أن يلحق بالزاني المحصن في ذلك كل مهدر كتارك صلاة
 وقاطع  طريق متحتم قتله.
 والحاصل أن المهدر معصوم على مثله في الإهدار وإن اختلفا في سببه ويد
 السارق مهدرة إلا على مثله سواء المسروق منه وغيره ومن عليه قصاص كغيره في
 العصمة في حق غير المستحق فيقتل قاتله ولا قصاص على حربي وإن عصم بعد لعدم
 التزامه ولما تواتر عنه ص عن أصحابه من عدم الإقادة ممن أسلم كوحشي قاتل
 حمزة رضي الله عنهما بخلاف الذمي فعليه القود وإن أسلم.
 وشرط في قاتل تكليف فلا يقتل صبي ومجنون حال القتل.
"
Page_V01P546," لا معه.
  ولو سافرت بإذنه لغرضهما معا
 فمقتضى المرجح في الإيمان فيما إذا قال لزوجته إن خرجت لغير
 الحمام فأنت طالق فخرجت لها ولغيرها أنها لا تطلق عدم السقوط هنا لكن نص
 الأم والمختصر يقتضي السقوط.
 لا بسفرها معه أي الزوج  بإذنه ولو في حاجتها ولا بسفرها بإذنه لحاجته ولو
 مع حاجة غيره فلا تسقط المؤن لأنها ممكنة وهو المفوت لحقه في الثانية.
 وفي الجواهر وغيرها عن الماوردي وغيره لو امتنعت من النقلة معه لم تجب
 النفقة إلا إن كان يتمتع بها في زمن الامتناع فتجب ويصير تمتعه بها عفوا عن
 النقلة حينئذ انتهى.
 قال شيخنا: وقضيته جريان ذلك في سائر صور النشوز وهو محتمل.
 وتسقط المؤن أيضا بإغلاقها الباب في وجهه وبدعواها طلاقا بائنا كذبا.
 وليس من النشوز شتمه وإيذاؤه باللسان وإن استحقت التأديب.
 مهمة: لو تزوجت زوجة المفقود غيره قبل الحكم بموته سقطت نفقتها ولا تعود
 إلا بعلمه عودها إلى طاعته بعد التفريق بينهما.
",Page_V01P496," غير ناشزة وله دخول في ليل على أخرى لضرورة وفي نهار
 لحاجة
  ويجب على الزوجين أن يتعاشرا
 بالمعروف بأن يمتنع كل عما يكره صاحبه ويؤدي إليه حقه مع الرضا وطلاقة
 الوجه من غير أن يحوجه إلى مؤنة وكلفة في ذلك.
 غير معتدة عن وطئ شبهة لتحريم الخلوة بها وصغيرة لا تطيق الوطء وناشزة أي
 خارجة عن طاعته بأن تخرج
 بغير إذنه من منزله أو تمنعه من التمتع بها أو تغلق الباب في وجهه ولو
 مجنونة وغير مسافرة وحدها لحاجتها ولو بإذنه فلا قسم لهن كما لا نفقة لهن.
 فرع قال الأذرعي نقلا عن تجزئة الروياني: ولو ظهر زناها حل له منع قسمها
 وحقوقها لتفتدي منه.
 نص عليه في الأم وهو أصح القولين انتهى.
 قال شيخنا: وهو ظاهر إن أراد أنه يحل له ذلك باطنا معاقبة له لتلطيخ
 فراشه أما في الظاهر فدعواه عليها ذلك غير مقبولة بل ولو ثبت زناها لا يجوز
 للقاضي أن يمكنه من ذلك فيما يظهر.
 وله أي للزوج دخول في ليل لواحدة على زوجة أخرى لضرورة لا لغيرها كمرضها
 المخوف ولو ظنا.
 وله دخول في نهار لحاجة كوضع متاع أو أخذه وعيادة وتسليم
"
Page_V01P581," أربعين حرا بإقراره أو شهادة رجلين ويقطع كوع يمين
 بالغ
  ويكره أكل يسير منها من غير قصد
 المداومة ويباح لحاجة التداوي.
 أربعين جلدة إن كان حرا ففي مسلم عن أنس: كان ص يضرب في الخمر بالجريد
 والنعال أربعين جلدة. وخرج بالحر الرقيق ولو مبعضا فيجلد عشرين جلدة.
 وإنما يجلد الإمام شارب الخمر إن ثبت بإقراره أو شهادة رجلين لا بريح خمر
 وهيئة سكر وقئ وحد عثمان رضي الله عنه بالقيء اجتهاد له.
 ويحد الرقيق أيضا بعلم السيد دون غيره.
 تتمة: جزم صاحب الاستقصاء بحل إسقائها للبهائم وللزركشي احتمال أنها
 كالآدمي في حرمة إسقائها لها. ورابعها قطع السرقة.
 ويقطع أي الإمام وجوبا بعد طلب المالك وثبوت السرقة.
 كوع يمين بالغ ذكرا كان أو أنثى.
",Page_V01P578," سقط.
 وحد قاذف محصنا ثمانين ولا يحد أصل,
  سقط الحد لأنه ص عرض لماعز بالرجوع
 فلولا أنه لا يفيد لما عرض له به ومن ثم سن له الرجوع.
 وكالزنا في قبول الرجوع عنه كل حد لله تعالى كشرب وسرقة بالنسبة للقطع.
 وأفهم كلامهم أنه إذا ثبت بالبينة لا يتطرق إليه رجوع وهو كذلك لكنه
 يتطرق إليه السقوط بغيره كدعوى زوجية وملك أمة وظن كونها حليلة.
 وثانيها حد القذف وهو من السبع الموبقات.
 وحد قاذف مكلف مختار ملتزم للأحكام عالم بالتحريم.
 محصنا وهو هنا مكلف حر مسلم عفيف من زنا ووطئ دبر حليلته.
 ثمانين جلدة إن كان القاذف حرا وإلا فأربعين.
 ويحصل القذف بزنيت أو يا زاني أو يا مخنث أو بلطت أو لاط بك فلان أو يا
 لائط أو يا لوطي وكذا بياقحبة لامرأة.
 ومن صريح قذف المرأة أن يقول لابنها من زيد مثلا لست ابنه أو لست منه لا
 قوله لابنه لست ابني ولو قال لولده أو ولد غيره يا ولد الزنا كان قذفا
 لامه.
 ولا يحد أصل لقذف فرع بل يعزر كقاذف غير مكلف.
"
Page_V01P593," 00000000000000000000000000000000000
  تتمة [في بيان حكم ما تتلفه
 البهائم] من كان مع دابة يضمن ما أتلفته ليلا ونهارا وإن كانت وحدها فأتلفت
 زرعا أو غيره نهارا لم يضمن صاحبها أو ليلا ضمن إلا أن لا يفرط في ربطها.
 وإتلاف نحو هرة طيرا أو طعاما عهد إتلافها ضمن مالكها ليلا ونهارا إن قصر
 في ربطه وتدفع الهرة الضارية على نحو طير أو طعام لتأكله كصائل برعاية
 الترتيب السابق ولا تقتل ضارية ساكنة خلافا لجمع لإمكان التحرز عن شرها.

 
 | باب الجهاد
 وهو فرض كفاية كل عام كقيام بحجج دينية وعلوم شرعية,
  باب  الجهاد
 هو فرض كفاية كل عام ولو مرة إذا كان الكفار ببلادهم ويتعين إذا دخلوا
 بلادنا كما يأتي:
 وحكم فرض الكفاية أنه إذا فعله من فيهم كفاية سقط الحرج عنه وعن الباقين
 ويأثم كل من لا عذر له من المسلمين إن تركوه وإن جهلوا.
 وفروضها كثيرة كقيام بحجج دينية وهي البراهين على إثبات الصانع سبحانه
 وما يجب له من الصفات ويستحيل عليه منها وعلى إثبات النبوات وما ورد به
 الشرع من المعاد والحساب وغير ذلك.
 وعلوم شرعية كتفسير وحديث وفقه زائد على ما لا بد منه وما
",Page_V01P594," ودفع ضرر معصوم وأمر بمعروف وتحمل شهادة وأدائها ورد
  يتعلق بها بحيث يصلح للقضاء
 والإفتاء للحاجة إليهما.
 ودفع ضرر معصوم من مسلم وذمي ومستأمن جائع لم يصل لحالة الاضطرار أو عار
 أو نحوهما.
 والمخاطب به كل موسر بما زاد على كفاية سنة له ولممونة عند احتلال بيت
 المال وعدم وفاء زكاة.
 وأمر بمعروف أي واجبات الشرع والكف عن محرماته فشمل النهي عن منكر ي
 المحرم لكن محله في واجب أو حرام مجمع عليه أو في اعتقاد الفاعل والمخاطب
 به كل مكلف لم يخف على نحو عضو ومال وإن قل ولم يغلب على ظنه أن فاعله يزيد
 فيه عنادا وإن علم عادة أنه لا يفيده بأن يغيره بكل طريق أمكنه من يد فلسان
 فاستغاثة بالغير فإن عجز أنكره بقلبه.
 وليس لأحد البحث والتجسس واقتحام الدور بالظنون نعم: إن أخبره ثقة بمن
 اختفى بمنكر لا يتدارك كالقتل والزنا لزمه ذلك ولو توقف الإنكار على الرفع
 للسلطان لم يجب لما فيه من هتك حرمة وتغريم مال.
 قاله ابن القشيري.
 قال شيخنا: وله احتمال بوجوبه إذا لم ينزجر إلا به هو الأوجه وكلام
 الروضة وغيرها صريح فيه انتهى.
 وتحمل شهادة على أهل له حضر إليه المشهود عليه أو طلبه إن عذر بعذر جمعة
 وأدائها على من يحملها إن كان أكثر من نصاب وإلا فهو فرض عين وكإحياء كعبة
 بحج وعمرة كل عام وتشييع جنازة ورد
"
Page_V01P334," وجاز استبدال عن ثمن ودين.
  وشرط في غائب عن محل العقد مع إذن
 البائع في القبض مضى زمن يمكن فيه المضي إليه عادة ويجوز لمشتر استقلال
 بقبض للمبيع إن كان الثمن مؤجلا أو سلم الحال.
 وجاز استبدال في غير ربوي بيع بمثله من جنسه.
 عن ثمن نقد أو غيره: لخبر ابن عمر رضي الله عنه: كنت أبيع الإبل
 بالدنانير وآخذ مكانها الدراهم وأبيع بالدراهم وآخذ مكانها الدنانير فأتيت
 رسول الله صلى الله عليه وسلم فسألته عن ذلك فقال: ""لا بأس إذا تفرقتما
 وليس بينكما شيء"" [الترمذي رقم: 1242, النسائي رقم: 4582, 4583, 4589, أبو
 داود رقم: 3354, ابن ماجه رقم: 2262, مسند أحمد رقم: 4868, 5530, 5839,
 6203, 6391, الدارمي رقم: 2581] .
 وعن دين قرض وأجرة وصداق لا عن مسلم فيه لعدم استقراره ولو استبدل موافقا
 في علة الربا كدرهم عن دينار اشترط قبض البدل في المجلس حذرا من الربا لا
 إن استبدل ما لا يوافقه في العلة كطعام عن درهم.
 ولا يبدل نوع أسلم فيه أو مبيع في الذمة عقد بغير لفظ السلم بنوع آخر ولو
 من جنسه: كحنظة سمراء  عن بيضاء لان المبيع مع تعينه لا يجوز بيعه قبل قبضه
 فمع كونه في الذمة أولى. نعم يجوز إبداله بنوعه الأجود وكذا الأردأ
 بالتراضي.
",Page_V01P150," يسن أذان وإقامة
  تشاوروا فيما يجمع الناس وهي كما
 في سنن أبي داود [رقم: 499, والترمذي رقم: 189, ابن ماجه رقم: 706, مسند
 أحمد رقم: 16041, 16043, الدرامي رقم: 1187] , عن عبد الله أنه قال: لما
 أمر النبي صلى الله عليه وسلم بالناقوس يعمل ليضرب به للناس لجمع الصلاة
 طاف بي وأنا نائم رجل يحمل ناقوسا في يده فقلت: يا عبد الله أتبيع الناقوس؟
 فقال: وما تصنع به؟ فقلت: ندعو به إلى الصلاة قال: أو لا أدلك على ما هو
 خير من ذلك؟ فقلت له: بلى. فقال: تقول: الله  أكبر الله أكبر إلا آخر
 الأذان. ثم استأخر عني غير بعيد ثم قال: وتقول إذا قمت إلى الصلاة: الله
 أكبر الله أكبر إلى آخر الإقامة فلما أصبحت أتيت النبي صلى الله عليه وسلم
 فأخبرته بما رأيت فقال: إنها لرؤيا حق إن شاء الله. قم مع بلال فألق عليه
 ما رأيت فليؤذن به فإنه أندى صوتا منك.
 فقمت مع بلال فجعلت ألقيه عليه فيؤذن به فسمع ذلك عمر بن الخطاب وهو في
 بيته فخرج يجر رداءه ويقول: والذي بعثك بالحق يا رسول الله لقد رأيت مثل ما
 رأى. فقال صلى الله عليه وسلم: فلله الحمد قيل: رآها بضعة عشر صحابيا.
 وقد يسن الأذان لغير الصلاة كما في أذن المهموم والمصروع والغضبان ومن
 ساء خلقه من إنسان أو بهيمة وعند الحريق وعند تغول الغيلان أي تمرد الجن
 وهو والإقامة في أذني المولود وخلف المسافر.
 يسن على الكفاية ويحصل بفعل البعض أذان وإقامة لخبر الصحيحين [البخاري
 رقم: 628, مسلم رقم: 674] : ""إذا حضرت الصلاة فليؤذن
"
Page_V01P333," 
 | فصل في حكم المبيع قبل القبض
 المبيع قبل قبضه من ضمان بائع وإتلاف مشتر قبض ويبطل تصرف بنحو بيع فيما
 لم يقبض لا بنحو إعتاق
 وقبض غير منقول بتخلية لمشتر  ومنقول بنقله,
  فصل في حكم المبيع قبل القبض
 المبيع قبل قبضه من ضمان بائع بمعنى انفساخ البيع بتلفه أو إتلاف بائع
 وثبوت الخيار بتعيبه أو تعييب بائع أو أجنبي وبإتلاف أجنبي فلو تلف بآفة أو
 أتلفه البائع: انفسخ البيع.
 وإتلاف مشتر قبض وإن جهل أنه للبيع.
 ويبطل تصرف ولو مع بائع بنحو بيع كهبة وصدقة وإجارة ورهن وإقراض: فيما لم
 يقبض لا بنحو إعتاق وتزويج ووقف: لتشوف الشارع إلى العتق ولعدم توقفه على
 القدرة بدليل صحة إعتاق الآبق ويكون به المشتري قابضا ولا يكون قابضا
 بالتزويج.
 وقبض غير منقول من أرض ودار وشجر بتخلية لمشتر بأن يمكنه منه البائع مع
 تسليمه المفتاح وإفراغه من أمتعة غير المشتري.
 وقبض منقول من سفينة أو حيوان بنقله من محله إلى محل آخر مع تفريغ
 السفينة.
 ويحصل القبض أيضا بوضع البائع للمنقول بين يدي المشتري بحيث لو مد إليه
 يده لناله وإن قال: لا أريده.
",Page_V01P328," فصل [في خيار المجلس والشرط وخيار العيب]
 يثبت خيار مجلس في كل بيع وسقط خيار من اختار لزومه,
  
 ومدح السلعة ليرغب فيها بالكذب كالنجش.
 وشرط التحريم في الكل: علم النهي حتى في النجش ويصح البيع مع التحريم في
 هذه المواضع.
فصل في خياري المجلس والشرط وخيار
 العيب.
 يثبت خيار مجلس في كل بيع حتى في الربوي والسلم وكذا في هبة ذات ثواب على
 المعتمد.
 وخرج بفيء: كل بيع غير البيع: كالإبراء والهبة بلا ثواب وشركة وقراض ورهن
 وحوالة وكتابة وإجارة ولو في الذمة أو مقدرة بمدة فلا خيار في جميع ذلك
 لأنها لا تسمى بيعا.
 وسقط خيار من اختار لزومه أي البيع من بائع ومشتر: كأن يقولا اخترنا
 لزومه أو أجزناه فيسقط خيارهما أو من أحدهما: كأن يقول اخترت لزومه: فيسقط
 خياره ويبقى خيار الآخر ولو مشتريا.
"
Page_V01P155," ولسامعهما أن يقول ولو غير متوضئ مثل قولهما إن لم
 يلحنا لحنا يغير المعنى إلا في حيعلات فيحوقل,
  إلى الله} [41 سورة فصلت الآية:
 33] قالت عائشة رضي الله عنها: هم المؤذنون.
 وقيل: هي أفضل منهما وفضلت من أحدهما بلا نزاع.
 وسن لسامعهما سماعا يميز الحروف وإلا لم يعتد بسماعه كما قال شيخنا آخرا.
 أن يقول ولو غير متوضئ أو جنبا أو حائضا خلافا للسبكي فيهما أو مستنجيا
 فيما يظهر.
 مثل قولهما إن لم يلحنا لحنا يغير المعنى فيأتي بكل كلمة عقب فراغه منها
 حتى في الترجيع وإن لم يسمعه.
 ولو سمع بعض الأذان أجاب فيه وفيما لم يسمعه ولو ترتب المؤذنون أجاب الكل
 ولو بعد صلاته.
 ويكره ترك إجابة الأول.
 ويقطع للإجابة القراءة والذكر والدعاء وتكره لمجامع وقاضي حاجة بل يجيبان
 بعد الفراغ كمصل إن قرب الفصل لا لمن بحمام ومن بدنه ما عدا فمه نجس وإن
 وجد ما يتطهر به.
 إلا في حيعلات فيحوقل المجيب أي يقول فيها: لا حول ولا قوة إلا بالله
 العلي العظيم أي لا تحول عن معصية الله إلا به ولا قوة على طاعته إلا
 بمعونته.
",Page_V01P190," 000000000000000000000000000000000
  ويصح الاقتداء بمن يجوز كونه أميا
 إلا إذا لم يجهر في جهرية فيلزمه مفارقته فإن استمر جاهلا حتى سلم لزمته
 الإعادة ما لم يتبين أنه قارئ.
 ومحل عدم صحة الاقتداء بالأمي: إن لم يستو الإمام والمأموم في الحرف
 المعجوز عنه بأن أحسنه المأموم فقط أو أحسن كل منهما غير ما أحسنه الآخر.
 ومنه أرت يدغم في غير محله بإبدال وألثغ يبدل حرفا بآخر.
 فإن أمكنه التعلم ولم يتعلم لم تصح صلاته وإلا صحت كاقتدائه بمثله.
 وكره اقتداء بنحو تأتاء وفأفاء ولاحن بما لا يغير معنى كضم هاء لله وفتح
 دال نعبد فإن لحن لحنا يغير المعنى في الفاتحة ك أنعمت بكسر أو ضم أبطل
 صلاة من أمكنه التعلم ولم يتعلم لأنه ليس بقرآن.
 نعم إن ضاق الوقت صلى لحرمته وأعاد لتقصيره.
 قال شيخنا: ويظهر أنه لا يأتي بتلك الكلمة لأنه غير قرآن قطعا فلم تتوقف
 صحة الصلاة حينئذ عليها بل تعمدها ولو من مثل هذا مبطل. انتهى.
 أو في غيرها: صحت صلاته والقدوة به إلا إذا قدر وعلم وتعمد لأنه حينئذ
 كلام أجنبي.
"
Page_V01P535," يجب لزوجة مكنت ولو رجعية
  يجب المد الآتي وما عطف عليه لزوجة
 أو أمة ومريضة مكنت من الاستمتاع بها ومن نقلها إلى حيث شاء عند أمن الطريق
 والمقصد ولو بركوب بحر غلبت فيه السلامة فلا تجب بالعقد خلافا للقديم وإنما
 تجب بالتمكين يوما فيوما ويصدق هو بيمينه في عدم التمكين وهي في عدم النشوز
 والإنفاق عليها.
 وإذا مكنت من يمكن التمتع بها ولو من  بعض الوجوه وجبت مؤنها1 ولو كان
 الزوج طفلا لا يمكن جماعه: إذ لا منع من جهتها وإن عجزت عن وطئ بسبب غير
 الصغر كرتق أو مرض أو جنون لا إن عجزت بالصغر بأن كانت طفلة لا تحتمل الوطء
 فلا نفقة لها وإن سلمها الولي إلى الزوج إذ لا يمكن التمتع بها كالناشزة
 بخلاف من تحتمله ويثبت ذلك بإقراره وبشهادة البينة به أو بأنها في غيبته
 باذلة للطاعة ملازمة للمسكن ونحو ذلك ولها مطالبته بها إن أراد سفرا طويلا.
 ولو رجعية وإن كانت حائلا أي يجب لها ما ذكر ما عدا آلة التنظيف لبقاء
 حبسه لها وقدرته على التمتع بها بالرجعة ولامتناعه عنها لم يجب لها آلة
 التنظيف.
 ويسقط مؤنتها ما يسقط مؤنة الزوجة كالنشوز. 
",Page_V01P284," مرة بتراخ
  يأمن معه والراحلة أو ثمنها: إن
 كان بينه وبين مكة مرحلتان أو دونهما وضعف عن المشي مع نفقة من يجب عليه
 نفقته وكسوته إلى الرجوع.
 ويشترط أيضا للوجوب: أمن الطريق على النفس والمال ولو من رصدي وإن قل ما
 يأخذه وغلبة السلامة لراكب البحر فإن غلب الهلاك لهيجان الأمواج في بعض
 الأحوال أو استويا: لم يجب بل يحرم الركوب فيه له ولغيره.
 وشرط للوجوب على المرأة مع ما ذكر أن يخرج معها محرم أو زوج أو نسوة ثقات
 ولو إماء وذلك
 لحرمة سفرها وحدها وإن قصر أو كانت في قافلة عظيمة ولها بلا وجوب أن تخرج
 مع امرأة ثقة لأداء فرض الإسلام وليس لها الخروج لتطوع ولو مع نسوة كثيرة
 وإن قصر السفر أو كانت شوهاء.
 وقد صرحوا بأنه يحرم على المكية التطوع بالعمرة من التنعيم مع النساء
 خلافا لمن نازع فيه.
 مرة واحدة في العمر بتراخ لا على الفور نعم إنما يجوز التأخير بشرط العزم
 على الفعل في المستقبل وأن لا يتضيقا عليه بنذر أو قضاء أو خوف عضب أو تلف
 مال بقرينة ولو ضعيفة وقيل يجب على القادر أن لا يترك الحج في كل خمس سنين
 لخبر فيه [رواه ابن حبان في صحيحه رقم: 3703 ,9/ 16] .
"
Page_V01P397," وهبة دين للمدين إبراء ولغيره صحيحة.
  ولا يصح تعليق الرجوع بشرط ولو زاد
 الموهوب رجع بزيادته المتصلة كتعلم الصنعة لا المنفصلة كالأجرة والولد
 والحمل الحادث على ملك فرعه.
 ويكره للأصل الرجوع في عطية الفرع إلا لعذر كأن كان الولد عاقا أو يصرفه
 في معصية.
 وبحث البلقيني امتناعه في صدقة واجبة كزكاة ونذر وكفارة وبما ذكره أفتى
 كثيرون ممن سبقه وتأخر عنه. وله الرجوع فيما أقر بأنه لفرعه كما أفتى به
 النووي واعتمده جمع متأخرون.
 قال الجلال البلقيني عن أبيه وفرض ذلك فيما إذا  فسره بالهبة وهو فرض لا
 بد منه انتهى.
 وقال النووي: لو وهب وأقبض ومات فادعى الوارث كونه في المرض والمتهب كونه
 في الصحة صدق
 انتهى.
 ولو أقاما بينتين قدمت بينة الوارث لأن معها زيادة علم.
 وهبة دين للمدين إبراء له عنه فلا يحتاج إلى قبول نظرا للمعنى.
 ولغيره أي المدين هبة صحيحة إن علما قدره كما صححه جمع تبعا للنص خلافا
 لما صححه المنهاج.
 تنبيه لا يصح الإبراء من المجهول للدائن أو المدين لكن فيما
",Page_V01P429," ويعتبر منه عتق علق بالموت وكوقف وهبة,
  ويعتبر منه أي الثلث أيضا عتق علق
 بالموت في الصحة أو المرض وتبرع نجز في مرضه كوقف وهبة وإبراء.
 ولو اختلف الوارث والمتهب: هل الهبة في الصحة أو المرض؟ صدق المتهب
 بيمينه لان العين في يده.
 ولو وهب في الصحة وأقبض في المرض اعتبر من الثلث.
 أما المنجز في صحته فيحسب من رأس المال كحجة الإسلام وعتق المستولدة ولو
 ادعى الوارث موته في مرض تبرعه والمتبرع عليه شفاءه وموته من مرض آخر أو
 فجأة فإن كان مخوفا صدق الوارث وإلا فالآخر.
 ولو اختلفا في وقوع التصرف في الصحة أو في المرض صدق المتبرع عليه لأن
 الأصل دوام الصحة فإن أقاما بينتين قدمت بينة المرض.
 فرع لو أوصى لجيرانه فلأربعين دارا من كل جانب فيقسم حصة كل دار على عدد
 سكانها أو للعلماء
 فلمحدث يعرف حال الراوي قوة أو ضدها والمروي صحة وضدها ومفسر يعرف معنى
 كل آية وما أريد بها  وفقيه يعرف الأحكام الشرعية نصا واستنباطا والمراد هنا
 من حصل شيئا من الفقه بحيث يتأهل به لفهم باقيه
 وليس منهم نحوي وصرفي ولغوي ومتكلم ويكفي ثلاثة من أصحاب العلوم الثلاثة
 أو بعضها.
"
Page_V01P402," وجعلت هذا مسجدا
  صدقة لاتباع أو لا توهب أو لا
 تورث: فصريح في الأصح.
 ومن الصرائح قوله: جعلت هذا المكان مسجدا فيصير به مسجدا وإن لم يقل لله
 ولا أتى بشيء مما مر: لان المسجد لا يكون إلا وقفا ووقفته للصلاة: صريح في
 الوقفية وكناية في خصوص المسجدية فلا بد من نيتها في غير الموات.
 ونقل القمولي عن الروياني وأقره من أنه لو عمر مسجدا خرابا ولم يقف
 آلاته: كانت عارية له يرجع فيها متى شاء انتهى.
 ولا يثبت حكم المسجد من صحة الاعتكاف وحرمة المكث للجنب لما أضيف من
 الأرض الموقوفة حوله إذا احتيج إلى توسعته على ما أفتى به شيخنا ابن زياد
 وغيره.
 وعلم مما مر أن الوقف لا يصح إلا بلفظ ولا يأتي فيه خلاف المعاطاة فلو
 بنى بناء علي  هيئة مسجد وأذن في إقامة الصلاة فيه: لم يخرج بذلك عن ملكه
 كما إذا جعل مكانا على هيئة المقبرة وأذن في الدفن بخلاف ما لو أذن في
 الاعتكاف فيه فإنه يصير بذلك مسجدا.
 قال البغوي في فتاويه لو قال لقيم المسجد اضرب اللبن من أرضي للمسجد
 فضربه وبنى به المسجد صار له حكم المسجد وليس له نقضه وله استرداده قبل أن
 يبنى به انتهى.
 وألحق البلقيني بالمسجد في ذلك: البئر المحفورة للسبيل والأسنوي: المدارس
 والربط.
",Page_V01P413," 000000000000000000000000000000000
  لم يبع ولا يعود ملكا بحال لإمكان
 الصلاة والاعتكاف في أرضه.
 أو جف الشجر الموقوف أو قلعه ريح لم يبطل الوقف فلا يباع ولا يوهب بل
 ينتفع الموقوف عليه ولو بجعله أبوابا إن باب في الوقف لم يمكنه إجارته خشبا
 بحاله فإن تعذر الانتفاع به إلا باستهلاكه: كأن صار لا ينتفع به إلا
 بالإحراق: انقطع الوقف أي ويملكه الموقوف عليه حينئذ على المعتمد فينتفع
 بعينه ولا يبيعه.
 ويجوز بيع حصر المسجد الموقوفة عليه إذا بليت بأن ذهب جمالها ونفعها
 وكانت المصلحة في بيعها وكذا جذوعه المنكسرة خلافا لجمع فيهما ويصرف ثمنها
 لمصالح المسجد إن لم يمكن شراء حصير أو جذع به.
 والخلاف في الموقوفة ولو بأن اشتراها الناظر ووقفها بخلاف الموهوبة
 والمشتراة للمسجد فتباع جزما لمجرد الحاجة: أي المصلحة وإن لم تبل.
 وكذا نحو القناديل.
 ولا يجوز استعمال حصر المسجد ولا فراشه في غير فرشه مطلقا سواء كانت
 لحاجة أم لا كما أفتى به شيخنا.
 ولو اشترى الناظر أخشابا للمسجد أو وهبت له وقبلها الناظر: جاز بيعها
 لمصلحة كأن خاف عليها نحو سرقة لا إن كانت موقوفة من أجزاء المسجد بل تحفظ
 له وجوبا ذكره الكمال الرداد في فتاويه.
"
Page_V01P172," وهي بجمع كثير أفضل إلا لنحو بدعة إمامه
  العبادة أولى من الفضيلة المتعلقة
 بمكانها أو زمانها والمتعلقة بزمانها أولى من المتعلقة بمكانها.
 وتسن إعادة المكتوبة بشرط أن تكون في الوقت وأن لا تزاد في إعادتها على
 مرة خلافا لشيخ شيوخنا أبي
 الحسن البكري رحمه الله تعالى.
 ولو صليت الأولى جماعة مع آخر ولو واحدا إماما كان أو مأموما في الأولى
 أو الثانية بنية فرض.
 وإن وقعت نفلا فينوي إعادة الصلاة المفروضة.
 واختار الإمام أن ينوي الظهر أو العصر مثلا ولا يتعرض للفرض ورجحه في
 الروضة لكن الأول مرجح الأكثرين والفرض الأولى ولو بان فساد الأولى لم
 تجزئه الثانية على ما اعتمده النووي وشيخنا خلافا لما قاله شيخه زكريا تبعا
 للغزالي وابن العماد أي إذا نوى بالثانية الفرض.
 وهي بجمع كثير أفضل منها في جمع قليل للخبر الصحيح [أبو داود رقم: 554,
 النسائي رقم: 843] : وما كان أكثر  فهو أحب إلى الله تعالى.
 إلا لنحو بدعة إمامه أي: الكثير كرافضي وفاسق ولو بمجرد التهمة فالأقل
 جماعة بل الانفراد أفضل كذا قاله شيخنا تبعا لشيخه زكريا رحمهما الله
 تعالى.
",Page_V01P192," وكره بفاسق ومبتدع.
  وكره اقتداء بفاسق ومبتدع كرافضي
 وإن لم يوجد أحد سواهما ما لم يخش فتنة.
 وقيل: لا يصح الاقتداء بهما.
 وكره أيضا اقتداء بموسوس وأقلف لا بولد الزنا لكنه خلاف الأولى.
 واختار السبكي ومن تبعه انتقاء الكراهة إذا تعذرت الجماعة إلا خلف من
 تكره خلفه بل هي أفضل من الانفراد.
 وجزم شيخنا بأنها لا تزول حينئذ بل الانفراد أفضل منها.
 وقال بعض أصحابنا: والأوجه عندي ما قاله السبكي رحمه الله تعالى.
 تتمة [في بيان الأعذار المرخصة لترك الجماعة] وعذر الجماعة كالجمعة مطر
 يبل ثوبه للخبر الصحيح [النسائي رقم: 854, أبو داود رقم: 1057, ابن ماجه
 رقم: 936, مسند أحمد رقم: 19769, 20188] أنه صلى الله عليه وسلم أمر
 بالصلاة في الرحال يوم مطر يبل أسفل النعال بخلاف ما لا يبله نعم قطر الماء
 من سقوف الطريق عذر وإن لم يبله لغلبة نجاسته أو استقذاره ووحل لم يأمن معه
 التلوث بالمشي فيه أو الزلق وحر شديد وإن وجد ظلا يمشي فيه وبرد  شديد وظلمة
 شديدة بالليل ومشقة مرض وإن لم تبح الجلوس في الفرض لا صداع
"
Page_V01P373," 000000000000000000000000000000000
  وشرط فيها لفظ يدل على الإذن في
 التصرف بالبيع والشراء فلو اقتصر على اشتراكنا: لم يكف عن الإذن فيه ويتسلط
 كل واحد منهما على التصرف بلا ضرر أصلا بأن يكون فيه مصلحة فلا يبيع بثمن
 مثل وثم راغب بأزيد ولا يسافر به حيث لم يضطر إليه لنحو قحط وخوف ولا يبضعه
 بغير إذنه فإن سافر به ضمن وصح تصرفه أو أبضعه بدفعه لمن يعمل لهما فيه ولو
 تبرعا بلا إذن ضمن أيضا والربح والخسران بقدر المالين فإن شرطا خلافه فسد
 العقد فلكل على الآخر أجرة عمله له ونقد التصرف منهما مع ذلك للإذن.
 وتنفسخ بموت أحدهما وجنونه.
 ويصدق في دعوى الرد إلى شريكه في الخسران والتلف في قوله اشتريته لي أو
 للشركة لا في قوله اقتسمنا وصار ما بيدي لي مع قول الآخر: لا بل هو مشترك
 فالمصدق المنكر لأن الأصل عدم القسمة ولو قبض وارث حصته من دين مورثه شاركه
 الآخر.
 ولو باع شريكان عبدهما صفقة وقبض أحدهما حصته لم يشاركه الآخر.
 فائدة: أفتى النووي كابن الصلاح فيمن غصب نحو نقد أو بر وخلطه بماله ولم
 يتميز بأن له إفراز قدر المغصوب ويحل له التصرف في الباقي.
 فصل [في بيان بعض أحكام الشفعة] : إنما تثبت الشفعة لشريك لا جار في بيع
 أرض مع تابعها كبناء وشجر وثمر غير مؤبر فلا شفعة في شجر أفرد بالبيع أو
 بيع مع مغرسه فقط ولا في بئر ولا يملك الشفيع لا بلفظ كأخذت بالشفعة مع بذل
 الثمن للمشتري.
",Page_V01P428," لا في زائد على ثلث في مرض مخوف إن رده وارث,
  في الموصي به من الموت : فيحكم
 بترتب أحكام الملك حينئذ من وجوب نفقة وفطرة والفوز بالفوائد الحاصلة وغير
 ذلك.
 لا تصح الوصية في زائد على ثلث في وصية وقعت في مرض مخوف لتولد الموت عن
 جنسه كثيرا إن رده وارث خاص مطلق التصرف لأنه حقه فإن كان غير مطلق التصرف
 فإن توقعت أهليته عن قرب: وقف إليها وإلا بطلت.
 ولو أجار بعض الورثة فقط: صح في قدر حصته من الزائد وإن أجاز الوارث
 الأهل فإجازته تنفيذ للوصية بالزائد.
 والمخوف: كإسهال متتابع وخروج الطعام بشدة1 ووجع أو مع دم من عضو شريف
 كالكبد دون البواسير أو بلا استحالة وحمى مطبقة وكطلق حامل وإن تكررت
 ولادتها لعظم خطره ومن ثم كان موتها منه شهادة وبقاء مشيمة والتحام قتال
 بين متكافئين واضطراب ريح في حق راكب سفينة وإن أحسن السباحة وقرب من البر.
 وأما زمن الوباء والطاعون فتصرف الناس كلهم فيه محسوب من الثلث وينبغي
 لمن ورثته أغنياء أو فقراء أن لا يوصي بزائد على ثلث والأحسن أن ينقص منه
 شيئا. 
"
Page_V01P200," 3- ووصية بتقوى الله  فيهما 4- وقراءة آية في إحداهما,
  الحمد للرحمن أو للرحيم.
 وكاللهم صل أو صلى الله أو أصلي على محمد أو أحمد أو الرسول أو النبي أو
 الحاشر أو نحوه فلا يكفي: اللهم سلم على محمد وارحم محمدا ولا صلى الله
 عليه بالضمير وإن تقدم له ذكر يرجع إليه الضمير كما صرح به جمع محققون.
 وقال الكمال الدميري: وكثيرا ما يسهو الخطباء في ذلك انتهى.
 فلا تغتر بما تجده مسطورا في بعض الخطب النباتية على خلاف ما عليه محققو
 المتأخرين.
 | 3- 
 وثالثها: وصية بتقوى الله ولا يتعين لفظها ولا تطويلها بل يكفي نحو
 أطيعوا الله مما فيه حث على
 طاعة الله أو زجر عن معصية لأنها المقصود من الخطبة فلا يكفي مجرد
 التحذير من غرور الدنيا وذكر الموت وما فيه من الفظاعة والألم.
 قال ابن الرفعة: يكفي فيها ما اشتملت على الأمر بالاستعداد للموت.
 ويشترط أن يأتي بكل من الأركان الثلاثة فيهما أي في كل واحدة من
 الخطبتين.
 ويندب أن يرتب الخطيب الأركان الثلاثة وما بعدها بأن يأتي أولا بالحمد
 فالصلاة فالوصية فبالقراءة فبالدعاء.
 | 4- 
 ورابعها: قراءة آية مفهمة في إحداهما وفي الأولى أولى.
",Page_V01P448," وخطبة له,
  ويجوز نظر وجه المرأة عند المعاملة
 ببيع وغيره للحاجة إلى معرفتها وتعليم ما يجب تعلمه كالفاتحة دون ما يسن
 على الأوجه والشهادة تحملا وأداء لها أو عليها وتعمد النظر للشهادة لا يضر
 وإن تيسر وجود نساء أو محارم يشهدن على الأوجه.
 ويسن خطبة بضم الخاء من الولي.
 له أي للنكاح الذي هو العقد بأن تكون قبل إيجابه فلا تندب أخرى من
 المخاطب قبل قبوله كما صححه في المنهاج بل يستحب تركها خروجا من خلاف من
 أبطل بها كما صرح به شيخنا وشيخه زكريا رحمهما الله لكن الذي في الروضة
 وأصلها ندبها.
 وتسن خطبة أيضا قبل الخطبة وكذا قبل الإجابة فيبدأ كل بالحمد والثناء على
 الله تعالى ثم بالصلاة والسلام على رسول الله صلى الله عليه وسلم ثم يوصي
 بالتقوى ثم يقول في خطبة الخطبة: جئتكم راغبا في كريمتكم أو فتاتكم  وإن كان
 وكيلا: قال: جاءكم موكلي أو جئتكم عنه خاطبا كريمتكم فيخطب الولي أو نائبه
 كذلك ثم يقول لست بمرغوب عنك.
 ويستحب أن يقول قبل العقد أزوجك على ما أمر الله به عز وجل من إمساك
 بمعروف أو تسريح بإحسان.
"
Page_V01P439," وقدر الذكر أنثيين إن اجتمعا وأصل كل فريضة فيها
 نصفان أو نصف وما بقي اثنان أو ثلثان وثلث أو ثلثان وما بقي أو ثلث وما بقي
 ثلاثة أو ربع وما بقي
  أعمام فأصلها ثلاثة وقدر الذكر
 أنثيين إن اجتمعا أي الصنفان من نسب ففي ابن وبنت يقسم المتروك على ثلاثة:
 للابن اثنان وللبنت واحد ومخارج الفروض اثنان وثلاثة وأربعة وستة وثمانية
 واثنا عشر وأربعة وعشرون.
 فإن كان في المسألة فرضان فأكثر اكتفى عند تماثل المخرجين بأحدهما كنصفين
 في مسألة زوج وأخت فهي من الاثنين وعند تداخلهما بأكثرهما كسدس وثلث في
 مسألة أم وولديها وأخ لأبوين أو لأب فهي من ستة وكذا يكتفي في زوجة وأبوين
 وعند توافقهما بمضروب وفق أحدهما في الآخر كسدس وثمن في مسألة أم وزوجة
 وابن فهي من أربعة وعشرين حاصل ضرب وفق أحدهما وهو نصف الستة أو الثمانية
 في الآخر وعند تباينهما بمضروب أحدهما في الآخر كثلث وربع في مسألة أم
 وزوجة أخ لأبوين أو لأب فهي من اثني عشر حاصل ضرب ثلاثة  في أربعة.
 وأصل مسألة كل فريضة فيها نصفان كزوج وأخت لأب أو نصف وما بقي كزوج وأخ
 لأب اثنان مخرج النصف أو فيها ثلثان وثلث كأختين لأب وأختين لام أو ثلثان
 وما بقي كبنتين وأخ لأب أو ثلث وما بقي كأم وعم ثلاثة مخرج الثلث أو فيها
 ربع وما بقي كزوجة وعم
",Page_V01P440," أربعة أو سدس وما بقي أو سدس وثلث أو وثلثان أو ونصف
 ستة أو ثمن وما بقي أو ونصف وما بقي ثمانية أو ربع وسدس اثنا عشر أو ثمن
 وسدس أربعة وعشرون وتعول ستة إلى عشرة واثنا عشر إلى سبعة عشر وترا وأربعة
 وعشرون لسبعة وعشرين.
  أربعة مخرج الربع أو فيها سدس وما
 بقي كأم وابن أو سدس وثلث كأم وأخوين لام أو سدس وثلثان كأم وأختين لأب أو
 سدس ونصف كأم وبنت ستة مخرج السدس أو فيها ثمن وما بقي كزوجة وابن أو ثمن
 ونصف ما بقي كزوجة وبنت وأخ لأب ثمانية مخرج الثمن أو فيها ربع وسدس كزوجة
 وأخ لام اثنا عشر مضروب وفق أحد المخرجين في الآخر أو فيها ثمن وسدس كزوجة
 وجدة وابن أربعة وعشرون مضروب وفق أحدهما في الآخر.
 وتعول من أصول مسائل الفرائض ثلاثة ستة إلى عشرة وترا وشفعا فعولها إلى
 سبعة كزوج وأختين لغير أم وإلى ثمانية كهم وأم وإلى تسعة كهم وأخ لام وإلى
 عشرة كهم وأخ آخر لام.
 وتعول اثنا عشر إلى سبعة عشر وترا فعوا لها إلى ثلاثة عشر كزوجة وأم
 وأختين لغير أم وإلى خمسة عشر كهم وأخ لام وإلى سبعة عشر كلهم وأخ آخر لأم.
 وتعول أربعة وعشرون لسبعة وعشرين فقط كبنتين وأبوين وزوجة للبنتين ستة
 عشر وللأبوين ثمانية وللزوجة ثلاثة وتسمى
"
Page_V01P276," واعتكاف سيما عشر آخره.
  لحديث ابن عمر1.
 وإكثار عبادة واعتكاف للاتباع سيما بتشديد الياء وقد يخفف والأفصح جر ما
 بعدها وتقديم لا عليها.
 وما زائدة وهي دالة على أن ما بعدها أولى بالحكم مما قبلها.
 عشر آخره فيتأكد له إكثار الثلاثة المذكورة للاتباع.
 ويسن أن يمكث معتكفا إلى صلاة العيد وأن يعتكف قبل دخول العشر ويتأكد
 إكثار العبادات المذكورة فيه رجاء مصادفة ليلة القدر أي الحكم والفصل2 أو
 الشرف والعمل فيها خير من العمل في ألف شهر ليس فيها ليلة القدر وهي منحصرة
 عندنا فيه فأرجاها: أو تارة وأرجى أوتاره عند الشافعي: ليلة الحادي  أو
 الثالث والعشرين واختار النووي وغيره انتقالها.
 وهي أفضل ليالي السنة وصح [البخاري رقم: 2014, مسلم رقم: 760] : ""من قام
 ليلة القدر إيمانا"" أي تصديقا بأنها حق وطاعة واحتسابا أي طلبا لرضا الله
 تعالى وثوابه غفر له ما تقدم من ذنبه وفي رواية: ""وما تأخر"".
 وروى البيهقي خبر: ""من صلى المغرب والعشاء في جماعة حتى 
",Page_V01P210," ودعاء.
  بذلك فالإكثار منها أفضل من إكثار
 ذكر لم يرد بخصوصه قاله شيخنا.
 ودعاء في يومها رجاء أن يصادف ساعة الإجابة وأرجاها من جلوس الخطيب إلى
 آخر الصلاة وهي لحظة لطيفة وصح أنها آخر ساعة بعد العصر وفي ليلتها لما جاء
 عن الشافعي رضي الله عنه أنه بلغه أن الدعاء يستجاب فيها وأنه استحبه فيها.
 وسن إكثار فعل الخير فيهما كالصدقة وغيرها وأن يشتغل في طريقه وحضوره محل
 الصلاة بقراءة أو ذكر أفضله الصلاة على النبي صلى الله عليه وسلم قبل
 الخطبة وكذا حالة الخطبة إن لم يسمعها كما مر للأخبار المرغبة في ذلك.
 وأن يقرأ عقب سلامه من الجمعة قبل أن يثني رجليه وفي رواية: قبل أن يتكلم
 الفاتحة والإخلاص والمعوذتين سبعا سبعا لما ورد أن من قرأها غفر له ما تقدم
 من ذنبه وما تأخر وأعطي من الأجر بعدد من آمن بالله ورسوله [راجع الأذكار
 رقم: 894] .
 مهمة يسن أن يقرأها وآية الكرسي [2 سورة البقرة الآية: 255] و {شهد الله}
 [3 سورة آل عمران ألآية: 18] بعد كل مكتوبة وحين يأوي إلى فراشه مع أواخر
 البقرة والكافرون ويقرأ خواتيم الحشر وأول غافر إلى {إليه المصير} [40 سورة
 غافر الآية: 3] و  {أفحسبتم أنما خلقناكم عبثا} [23 سورة المؤمنون الآية:
 115] إلى آخرها صباحا ومساء مع أذكارهما وأن يواظب كل يوم على قراءة {آلم}
 السجدة و {يس}
"
Page_V01P425," ولوارث مع إجازة ورثته
  تكن فراشا قط لم تصح الوصية قطعا
 لا لحمل سيحدث وإن حدث قبل موت الموصي: لأنها تمليك وتمليك المعدوم ممتنع
 فأشبهت الوقف على من سيولد له نعم إن جعل المعدوم تبعا للموجود كأن أوصى
 لأولاد زيد الموجودين ومن سيحدث له من الأولاد صحت لهم تبعا.
 ولا لغير معين فلا تصح لأحد هذين هذا إذا كان بلفظ الوصية فإن كان بلفظ
 أعطوا هذا لأحدهما: صح لأنه وصية بالتمليك من الموصى إليه.
 وتصح لوارث للموصي مع إجازة بقية ورثته بعد موت الموصي وإن كانت الوصية
 ببعض الثلث ولا أثر لإجازتهم في حياة الموصي: إذ لا حق لهم حينئذ.
 والحيلة في أخذه من غير توقف على إجازة أن يوصي لفلان بألف: أي وهو ثلثه
 فأقل إن تبرع لولده بخمسمائة أو بألفين كما هو ظاهر فإذا قبل وأدى للابن ما
 شرط عليه أخذ الوصية ولم يشارك بقية الورثة الابن فيما حصل له ومن الوصية
 له إبراؤه وهبته والوقف عليه.
 نعم لو وقف عليهم ما يخرج من الثلث على قدر نصيبهم نفذ من غير إجازة فليس
 لهم نقضه.
 والوصية لكل وارث بقدر حصته كنصف وثلث لغو لأنه يستحقه
",Page_V01P424," ولحمل,
  كترميم ما وهي من الكعبة دون بقية
 الحرم وقيل في الأولى لمساكين مكة.
 قال شيخنا: يظهر أخذا مما قالوه في النذر للقبر المعروف بجرجان صحة
 الوصية كالوقف لضريح الشيخ الفلاني وتصرف في مصالح قبره والبناء الجائز
 عليه ومن يخدمونه أو يقرؤون عليه.
 أما إذا قال للشيخ الفلاني ولم ينو ضريحه ونحوه: فهي باطلة.
 ولو أوصى لمسجد سيبني: لم تصح وإن بني قبل موته إلا تبعا وقيل تبطل فيما
 لو قال أردت تمليكه.
 وكعمارة نحو قبة على قبر نحو عالم في غير  مسبلة.
 ووقع في زيادات العبادي: ولو أوصى بأن يدفن في بيته بطلت الوصية.
 وخرج بجهة حل: جهة المعصية كعمارة كنيسة وإسراج فيها وكتابة نحو توراة
 وعلم محرم.
 وتصح لحمل موجود حال الوصية يقينا فتصح لحمل انفصل وبه حياة مستقرة لدون
 ستة أشهر من الوصية أو لأربع سنين فأقل ولم تكن المرأة فراشا لزوج أو سيد
 وأمكن كون الحمل منه لأن الظاهر وجوده عندها لندرة وطئ الشبهة وفي تقدير
 الزنا إساءة ظن بها نعم: لو لم
"
Page_V01P434," الفروض في كتاب الله: ثلثان لا ثنين من بنت وبنت ابن
 وأخت لأبوين ولأب وعصب كلا أخ ساوى والأخريين الأوليان,
  ولو فقد الورثة كلهم فأصل المذهب
 أنه لا يورث ذوو الأرحام ولا يرد على أهل الفرض فيما إذا وجد بعضهم بل
 المال لبيت المال ثم إن لم ينتظم المال رد ما فضل عنهم عليهم غير الزوجين
 بنسبة الفروض ثم ذوي الأرحام وهم أحد عشر: ولد بنت وأخت وبنت أخ وعم وعم
 لأم وخال وخالة وعمة وأبو أم وأم أبي أم وولد أخ لام.
 الفروض المقدرة في كتاب الله ستة: ثلثان ونصف وربع وثمن وثلث وسدس.
 فالثلثان فرض أربعة لاثنين فأكثر من بنت وبنت ابن وأخت لأبوين ولأب وعصب
 كلا من البنت
 وبنت الأبوين والأخت لأبوين أو لأب.
 أخ ساوى له في الرتبة والإدلاء فلا يعصب ابن الابن البنت ولا ابن ابن
 الابن بنت ابن لعدم المساواة في الرتبة ولا يعصب الأخ لأبوين الأخت لأب ولا
 الأخ لأب الأخت لأبوين لعدم المساواة في الإدلاء وإن تساويا في الرتبة وعصب
 الأخريين أي الأخت لأبوين أو لأب الأوليان وهما البنت وبنت الابن والمعنى
 أن الأخت لأبوين أو لأب مع البنت أو بنت الابن تكون عصبة فتسقط أخت لأبوين
 اجتمعت
",Page_V01P437," وابن أخ لأبوين بأب وجد وابن أخ ولأب بهؤلاء وبابن أخ
 لأبوين وما فضل أو الكل لعصبة,
  وارث للميت وإن نزل ذكرا كان أو
 غيره ويحجب ابن أخ لأبوين بأب وجد وابن وابنه وإن نزل وأخ لأبوين أو لأب
 ويحجب ابن أخ لأب بهؤلاء الستة وبابن أخ لأبوين لأنه أقوى منه ويحجب عم
 لأبوين بهولاء السبعة وبابن أخ لأب وعم لأب بهؤلاء الثمانية وبعم لأبوين
 وابن عم لأبوين بهؤلاء التسعة وبعم لأب وابن عم لأب بهؤلاء العشرة وبابن عم
 لأبوين ويحجب ابن ابن أخ لأبوين بابن أخ لأب لأنه أقرب منه وبنات الابن
 بابن أو بنتين فأكثر للميت إن لم يعصب أخ أو ابن عم فإن عصبت به أخذت معه
 الباقي بعد ثلثي البنتين بالتعصيب والأخوات لأب بأختين لأبوين فأكثر إلا أن
 يكون معهن ذكر فيعصبهن ويحجبن أيضا بأخت لأبوين معها بنت أو بنت ابن.
 واعلم أن ابن الابن كالابن إلا أنه ليس له مع البنت مثلاها والجدة كالأم
 إلا أنها لا ترث الثلث ولا ثلث
 الباقي بل فرضها دائما السدس والجد كالأب إلا أنه لا يحجب الإخوة لأبوين
 أو لأب وبنت الابن كالبنت إلا أنها تحجب بالابن والأخ لأب كالأخ لأبوين إلا
 أنه ليس له مع الأخت لأبوين مثلاها.
 وما فضل من التركة عمن له فرض من أصحاب الفروض أو الكل أي كل التركة إن
 لم يكن له ذو فرض لعصبة وتسقط عند الاستغراق.
"
Page_V01P204," وبكور وتزين بأحسن ثيابه,
  تنبيه قال شيخنا: يسن قضاء غسل
 الجمعة كسائر الأغسال المسنونة وإنما طلب قضاؤه لأنه إذا علم
 أنه يقضى داوم على أدائه واجتنب تفويته.
 وبكور لغير خطيب إلى المصلى من طلوع الفجر لما في الخبر الصحيح [البخاري
 رقم: 881, مسلم رقم: 850] أن للجائي بعد اغتساله غسل الجنابة أي كغسلها
 وقيل حقيقة بأن يكون جامع لأنه يسن ليلة الجمعة أو يومها في الساعة الأولى
 بدنة وفي الثانية: بقرة وفي الثالثة: كبشا أقرن والرابعة: دجاجة والخامسة:
 عصفورا والسادسة: بيضة.
 والمراد أن ما بين الفجر وخروج الخطيب ينقسم ستة أجزاء متساوية سواء أطال
 اليوم أم قصر.
 أما الإمام فيسن له التأخير إلى وقت الخطبة للاتباع.
 ويسن الذهاب إلى المصلى في طريق طويل ماشيا بسكينة والرجوع في طريق آخر
 قصير وكذا في كل عبادة.
 ويكره عدو إليها كسائر العبادات إلا لضيق وقت فيجب إذا لم يدركها إلا به.
 وتزين بأحسن ثيابه وأفضلها الأبيض ويلي الأبيض ما صبغ قبل نسجه.
",Page_V01P088," إلى طلوع الشمس.
  لا الكاذب إلى طلوع بعض
 الشمس والعصر هي الصلاة الوسطى لصحة الحديث به. فهي أفضل الصلوات ويليها
 الصبح ثم العشاء ثم الظهر ثم المغرب كما استظهره شيخنا من الأدلة.
 وإنما فضلوا جماعة الصبح والعشاء لأنها فيهما أشق.
 قال الرافعي: كانت الصبح صلاة آدم والظهر صلاة داود والعصر صلاة سليمان
 والمغرب صلاة يعقوب والعشاء صلاة يونس عليهم الصلاة والسلام. انتهى.
 واعلم أن الصلاة تجب بأول الوقت وجوبا موسعا فله التأخير عن أوله إلى وقت
 يسعها بشرط أن يعزم
 على فعلها فيه ولو أدرك في الوقت ركعة لا دونها فالكل أداء وإلا فقضاء.
 ويأثم بإخراج بعضها عن الوقت وإن أدرك ركعة. نعم لو شرع في غير الجمعة
 وقد بقي ما يسعها جاز له بلا كراهة أن يطولها بالقراءة أو الذكر حتى يخرج
 الوقت وإن لم يوقع منها ركعة فيه على المعتمد فإن لم يبق من الوقت ما يسعها
 أو كانت جمعة لم يجز المد.
 ولا يسن الاقتصار على أركان الصلاة لإدراك كلها في الوقت.
 فرع يندب تعجيل صلاة ولو عشاء لأول وقتها لخبر: أفضل الأعمال الصلاة لأول
 وقتها. [البخاري رقم: 537, مسلم رقم: 85] .
"
Page_V01P409," 000000000000000000000000000000000
  الناظر منه ليحمله على رده.
 وألحق به شرط ضامن.
 وأفتى بعضهم في الوقف على النبي ص أو النذر له بأنه يصرف لمصالح حجرته
 الشريفة فقط أو على أهل بلد أعطي مقيم بها أو غائب عنها لحاجة غيبة لا تقطع
 نسبته إليها عرفا.
 فروع قال التاج الفزاري والبرهان المراغي وغيرهما: من شرط قراءة جزء من
 القرآن كل يوم كفاه قدر جزء ولو مفرقا ونظرا وفي المفرق نظر.
 ولو قال ليتصدق بغلته في رمضان أو عاشوراء ففات: تصدق بعده ولا ينتظر
 مثله نعم: إن قال فطرا لصوامه انتظره.
 وأفتى غير واحد بأنه لو قال على من يقرأ على  قبر أبي كل جمعة يس بأنه إن
 حد القراء بمدة معينة أو عين لكل سنة غلة: اتبع وإلا بطل.
 نظير ما قالوه من بطلان الوصية لزيد كل شهر بدينار إلا في دينار واحد
 انتهى.
 وإنما يتجه إلحاق الوقف بالوصية: إن علق بالموت لأنه حينئذ وصية وأما
 الوقف الذي ليس كالوصية: فالذي يتجه صحته إذ لا يترتب عليه محذور بوجه لأن
 الناظر إذا قرر من يقرأ كذلك: استحق
",Page_V01P414," 000000000000000000000000000000000
  ولا ينقض المسجد إلا إذا خيف على
 نقضه فينقض يحفظ أو يعمر به مسجد آخر إن رآه الحاكم.
 والأقرب إليه أولى ولا يعمر به غير جنسه كرباط وبئر كالعكس إلا إذا تعذر
 جنسه والذي يتجه ترجيحه في ريع وقف المنهدم أنه إن توقع عوده: حفظ له وإلا
 صرف لمسجد آخر فإن تعذر: صرف للفقراء كما يصرف النقض لنحو رباط.
 وسئل شيخنا عما إذا عمر مسجد1 بآلات جدد وبقيت آلاته القديمة: فهل يجوز
 عمارة مسجد آخر قديم بها أو تباع ويحفظ ثمنها فأجاب بأنه يجوز عمارة مسجد
 قديم وحادث بها حيث قطع بعدم احتياج ما هي منه إليها قبل فنائها  ولا يجوز
 بيعه بوجه من الوجوه انتهى.
 ونقل نحو حصير المسجد وقناديله كنقل آلته.
 ويصرف ريع الموقوف على المسجد مطلقا أو على عمارته في البناء ولو لمنارته
 وفي التجصيص المحكم والسلم وفي أجرة القيم لا المؤذن والإمام والحصر والدهن
 إلا إن كان الوقف لمصالحه فيصرف في ذلك لا في التزويق والنقش.
 وما ذكرته من أنه لا يصرف للمؤذن والإمام في الوقف المطلق هو مقتضى ما
 نقله النووي في الروضة عن البغوي لكنه نقل بعده عن فتاوى الغزالي أنه يصرف
 لهما وهو الأوجه كما في الوقف على مصالحه. 
"
Page_V01P286," بين زوال وفجر نحر 3- وطواف إفاضة 4- وسعي سبعا,
  والأفضل للذكر تحري موقفه ص وهو
 عند الصخرات المعروفة.
 وسميت عرفة قيل: لان آدم وحواء تعارفا بها وقيل غير ذلك.
 ووقته بين زوال للشمس يوم عرفة وهو تاسع ذي الحجة وبين طلوع فجر يوم نحر.
 وسن له الجمع بين الليل والنهار وإلا أراق دم تمتع ندبا.
 | 3- 
 وثالثها: طواف إفاضة ويدخل وقته بانتصاف ليلة النحر.
 وهو أفضل الأركان حتى من الوقوف خلافا للزركشي.
 | 4- 
 ورابعها: سعي بين الصفا والمروة سبعا يقينا بعد طواف قدوم ما لم يقف
 بعرفة أو بعد طواف إفاضة.
 فلو اقتصر على ما دون السبع لم يجزه ولو شك في عددها قبل فراغه أخذ
 بالأقل لأنه المتيقن.
 ومن سعى بعد طواف القدوم لم يندب له إعادة السعي بعد طواف الإفاضة بل
 يكره.
 ويجب أن يبدأ فيه في المرة الأولى بالصفا ويختم بالمروة للاتباع فإن بدأ
 بالمروة لم يحسب مروره منها إلى الصفا وذهابه من الصفا إلى المروة مرة
 وعوده منها إليه مرة أخرى.
 ويسن للذكر أن يرقى على الصفا والمروة قدر قامة.
 وأن يمشي أول السعي وآخره ويعدو الذكر في الوسط ومحلهما معروف.
",Page_V01P296," وتلبية وطواف قدوم ومبيت بمنى ليلة عرفة ووقوف بجمع
 وأذكار.
  وتلبية وهي: لبيك اللهم لبيك لا
 شريك لك لبيك إن الحمد والنعمة لك والملك لا شريك لك.
 ومعنى لبيك: أنا مقيم على طاعتك.
 ويسن الإكثار منها والصلاة على النبي ص وسؤال الجنة والاستعاذة من النار
 بعد تكرير التلبية ثلاثا.
 وتستمر التلبية إلى رمي جمرة العقبة لكن لا تسن في طواف القدوم والسعي
 بعده لورود أذكار خاصة فيهما. وطواف قدوم لأنه تحية البيت وإنما يسن لحاج
 أو قارن دخل مكة قبل الوقوف ولا يفوت بالجلوس ولا بالتأخير نعم  يفوت
 بالوقوف بعرفة.
 ومبيت بمنى ليلة عرفة ووقوف بجمع المسمى الآن بالمشعر الحرام وهو جبل في
 آخر مزدلفة فيذكرون في وقوفهم ويدعون إلى الأسفار مستقبلين القبلة للاتباع.
 وأذكار وأدعية مخصوصة بأوقات وأمكنة معينة وقد استوعبها الجلال السيوطي
 في وظائف اليوم والليلة فليطلب1. 
"
Page_V01P389," 
 | فصل [في بيان أحكام الغصب]
 وعلى الغاصب: رد وضمان متمول تلف بأقصى قيمه من حين غصب إلى تلف ويضمن
 بمثله.
  فصل [في بيان أحكام الغصب]
 لغصب: استيلاء على حق غير ولو منفعة كإقامة من قعد بمسجد أو سوق بلا حق
 كجلوسه على فراش غيره وإن لم ينقله وإزعاجه عن داره وإن لم يدخلها وكركوب
 دابة غيره واستخدام عبده.
 وعلى الغاصب: رد وضمان متمول تلف بأقصى قيمه من حين غصب إلى تلف ويضمن
 مثلي وهو ما حصره كيل أو وزن وجاز السلم فيه كقطن ودقيق وماء ومسك ونحاس
 ودراهم ودنانير ولو مغشوشا وتمر وزبيب وحب صاف1 ودهن وسمن بمثله في أي مكان
 حل به المثلي.
 فإن فقد المثل فيضمن بأقصى قيم من غصب إلى فقد. 
",Page_V01P441," 000000000000000000000000000000000
  بالمنبرية لان عليا رضي الله عنه
 كان يخطب على منبر الكوفة قائلا: الحمد لله الذي يحكم بالحق قطعا ويجزي كل
 نفس بما تسعى وإليه المآل والرجعى فسئل حينئذ عن هذه المسألة فقال ارتجالا:
 صار ثمن المرأة تسعا ومضى في خطبته وإنما عالوا ليدخل النقص  على الجميع
 كأرباب الديون والوصايا إذا ضاق المال عن قدر حصتهم.

 | فصل في بيان احكام الوديعة
 ...
 فصل بفي بيان أحكام الوديعة]
 صح إيداع محترم بأودعتك هذا أو استحفظتكه وبخذه مع نية وحرم على عاجز عن
 حفظ الوديعة أخذها وكره على غير واثق بأمانته ويضمن وديع بإيداع غيره ولو
 قاضيا بلا إذن من المالك لا إن كان لعذر
 كمرض وسفر وخوف حرق وإشراف حرز على خراب وبوضع في غير حرز مثلها وبنقلها
 إلى دون حرز مثلها وبترك دفع متلفاتها كتهوية ثياب صوف أو ترك لبسها عند
 حاجتها وبعدول عن الحفظ المأمور به من
 المالك وبجحدها وتأخير تسليمها لمالك بلا عذر بعد طلب مالكها وبانتفاع
 بها كلبس وركوب بلا غرض المالك وبأخذ درهم مثلا من كيس فيه دراهم مودعة
 عنده وإن رد إليه مثله فيضمن الجميع إذا لم يتميز الدرهم المردود عن البقية
 لأنه خلطها بمال نفسه بلا تمييز فهو متعد فإن تميز بنحو سكة أو رد إليه عين
 الدرهم ضمنه فقط.
"
Page_V01P646," ولغير ذلك ولما يظهر للرجال غالبا كنكاح وطلاق وعتق
 رجلان ولما يظهر للنساء كولادة وحيض أربع أو رجلان أو رجل وامرأتان,
  ولغير ذلك أي ما ليس بمال ولا يقصد
 منه مال من عقوبة لله تعالى كحد شرب وسرقة أو لآدمي كقود وحد قدف ومنع إرث
 بأن ادعى بقية الورثة على الزوجة أن الزوج خالعها حتى لا ترث منه ولما يظهر
 للرجال غالبا كنكاح ورجعة1 وطلاق منجز أو معلق وفسخ نكاح وبلوغ وعتق وموت
 وإعسار وقراض ووكالة وكفالة وشركة ووديعة ووصاية وردة وانقضاء عدة بأشهر
 ورؤية هلال غير رمضان وشهادة على شهادة وإقرار بما لا يثبت إلا برجلين
 رجلان لا رجل وامرأتان لما روى مالك عن الزهري: مضت السنة من رسول الله ص
 أنه لا يجوز شهادة النساء في الحدود ولا في النكاح ولا في الطلاق وقيس
 بالمذكورات غيرها مما يشاركها في المعنى.
 ولما يظهر للنساء غالبا كولادة وحيض وبكارة وثيوبة ورضاع وعيب امرأة تحت
 ثيابها أربع من النساء أو رجلان أو رجل وامرأتان لما روى ابن أبي شيبة عن
 الزهري: مضت السنة بأنه يجوز شهادة النساء فيما لا يطلع عليه غيرهن من
 ولادة النساء وعيوبهن وقيس بذلك غيره. 
",Page_V01P645," 
 | فصل في الشهادات
 الشهادة لرمضان رجل ولزنا أربعة ولمال وما قصد به مال كبيع ورهن رجلان أو
 رجل وامرأتان أو رجل ويمين.
  فصل في الشهادات
 جمع شهادة وهي إخبار الشخص بحق على غيره1 بلفظ خاص الشهادة لرمضان أي
 لثبوته بالنسبة للصوم فقط
 رجل واحد لا امرأة وخنثى.
 ولزنا ولواط أربعة من الرجال يشهدون أنهم رأوه أدخل مكلفا مختارا حشفته
 في فرجها بالزنا.
 قال شيخنا : والذي يتجه أنه لا يشترط ذكر زمان ومكان إلا ن ذكره أحدهم
 فيجب سؤال الباقين لاحتمال وقوع تناقض يسقط الشهادة ولا ذكر رأينا كالمرود
 في المكحلة بل يسن ويكفي للإقرار به اثنان كغيره. ولمال عينا كان أو دينا
 أو منفعة وما قصد به مال من عقد مالي أو حق مالي كبيع وحوالة وضمان ووقف
 وقرض وإبراء ورهن وصلح وخيار وأجل رجلان أو رجل وامرأتان أو رجل ويمين ولا
 يثبت شيء بامرأتين ويمين. 
"
Page_V01P125," فرع:
 سن دخول صلاة بنشاط وفراغ قلب وفيها خشوع بقلبه وبجوارحه,
  أما مأموم علم أو شك قبل ركوعه
 وبعد ركوع إمامه أنه ترك الفاتحة فيقرؤها ويسعى خلفه وبعد ركوعهما لم يعد
 إلى القيام لقراءته الفاتحة بل يتبع إمامه ويصلي ركعة بعد سلام الإمام.
 فرع سن دخول صلاة بنشاط لأنه تعالى ذم تاركيه بقوله: {وإذا قاموا إلى
 الصلاة قاموا كسالى} [4- سورة النساء /الآية: 142] والكسل: الفتور
 والتواني.
 وفراغ قلب من الشواغل لأنه أقرب إلى الخشوع.
 وسن فيها أي في صلاته كلها خشوع  بقلبه بأن لا يحضر فيه غير ما هو فيه وإن
 تعلق بالآخرة.
 وبجوارحه بأن لا يعبث بأحدها وذلك لثناء الله تعالى في كتابه العزيز على
 فاعليه بقوله: {قد أفلح المؤمنون الذين هم في صلاتهم خاشعون} [23 سورة
 المؤمنون/ الآيتان 1, 2] ولانتفاء ثواب الصلاة بانتفائه كما دلت عليه
 الأحاديث الصحيحة ولان لنا وجها اختاره جمع أنه شرط للصحة.
 ومما يحصل الخشوع استحضاره أنه بين يدي ملك الملوك الذي
",Page_V01P138," ولشك فيما صلاة واحتمل زيادة ولسهو إمام وإن فارقه أو
 ترك لا لسهوه حال القدوة خلف إمام.
  ولشك فيما صلاه واحتمل زيادة لأنه
 إن كان زائدا فالسجود للزيادة وإلا فلتردد الموجب لضعف النية.
 فلو شك أصلى ثلاثا أم أربعا مثلا أتى بركعة لان الأصل عدم فعلها ويسجد
 للسهو وإن زال شكه قبل سلامه بأن تذكر قبله أنها رابعة للتردد في زيادتها
 ولا يرجع في فعلها إلى ظنه ولا إلى قول غيره أو فعله وإن كانوا جمعا كثيرا
 ما لم يبلغوا عدد التواتر.
 وأما لا يحتمل زيادة كأن شك في ركعة من رباعية أهي ثالثة أم رابعة؟ فتذكر
 قبل القيام للرابعة أنها ثالثة فلا يسجد لان ما فعله منها مع التردد لا بد
 منه بكل تقدير فإن تذكر بعد القيام لها سجد لتردده حال القيام إليها في
 زيادتها.
 وسن للمأموم سجدتان لسهو إمام متطهر وإمامه ولو كان سهوه قبل قدوته وإن
 فارقه أو بطلت صلاة الإمام بعد وقوع السهو منه أو ترك الإمام السجود جبرا
 للخلل الحاصل في صلاته فيسجد بعد سلام الإمام وعند سجوده يلزم المسبوق
 والموافق متابعته وإن لم يعرف أنه سها وإلا بطلت صلاته إن علم وتعمد ويعيده
 المسبوق ندبا آخر صلاة نفسه.
 لا لسهوه أي سهو المأموم حال القدوة خلف إمام فيتحمله عند الإمام المتطهر
 لا المحدث ولا ذو خبث خفي بخلاف سهوه بعد
"
Page_V01P211," وحرم تخط لا لمن وجد فرجة قدامه ونحو مبايعة بعد أذان
 خطبة,
  والدخان والواقعة وتبارك والزلزلة
 والتكاثر وعلى الإخلاص مائتي مرة والفجر في عشر ذي الحجة ويس والرعد عند
 المحتضر ووردت في كلها أحاديث غير موضوعة.
 وحرم تخط رقاب الناس للأحاديث الصحيحة فيه والجزم بالحرمة ما نقله الشيخ
 أبو حامد عن نص الشافعي واختارها في الروضة وعليها كثيرون لكن قضية كلام
 الشيخين: الكراهة وصرح بها في المجموع.
 لا لمن وجد فرجة قدامه فله بلا كراهة تخطي صف واحد أو اثنين ولا لإمام لم
 يجد طريقا إلى المحراب إلا بتخطي ولا لغيره إذا أذنوا له فيه لا حياء على
 الأوجه ولا لمعظم ألف موضعا.
 ويكره تخطي المجتمعين لغير الصلاة ويحرم أن يقيم أحدا بغير رضاه ليجلس
 مكانه ويكره إيثار غيره بمحله
 إلا إن انتقل لمثله أو أقرب منه إلى الإمام وكذا الإيثار بسائر القرب وله
 تنحية سجادة غيره بنحو رجله والصلاة في محلها ولا يرفعها ولو بغير يده
 لدخولها في ضمانه.
 وحرم على من تلزمه الجمعة نحو مبايعة كاشتغال بصنعة بعد شروع في أذان
 خطبة فإن عقد صح العقد ويكره قبل الأذان بعد الزوال.
",Page_V01P494," 000000000000000000000000000000000
  جاثيا على ركبتيه وظهور قدميه أو
 ينصب رجله اليمنى ويجلس على اليسرى ويكره الأكل متكئا وهو المعتمد على وطاء
 تحته ومضطجعا إلا فيما يتنقل به لا قائما والشرب قائما خلاف الأولى.
 ويسن للآكل أن يغسل اليدين والفم قبل الأكل وبعده ويقرأ سورتي الإخلاص
 وقريش بعده ولا يبتلع ما يخرج من أسنانه بالخلال بل يرميه بخلاف ما يجمعه
 بلسانه من بينها فإنه يبتلعه.
 ويحرم أن يكبر اللقم مسرعا حتى يستوفي أكثر الطعام ويحرم غيره.
 ولو دخل على آكلين فأذنوا له لم يجز له الأكل معهم إلا إن ظن أنه عن طيب
 نفس لا لنحو حياء.
 ولا يجوز للضيف أن يطعم سائلا أو هرة إلا إن علم رضا الداعي.
 ويكره للداعي تخصيص بعض الضيفان بطعام نفيس.
 ويحرم للأراذل أكل ما قدم للأماثل.
 ولو تناول ضيف إناء طعام فانكسر منه ضمنه كما بحثه الزركشي لأنه في يده
 في حكم العارية.
 ويجوز للإنسان أخذ من نحو طعام صديقه مع ظن رضا مالكه بذلك ويختلف بقدر
 المأخوذ وجنسه وبحال المضيف ومع ذلك ينبغي له مراعاة نصفة أصحابه فلا يأخذ
 إلا ما يخصه أو يرضون به عن طيب نفس لا عن حياء وكذا يقال في قران نحو
 تمرتين أما عند الشك في الرضا فيحرم الأخذ كالتطفل ما لم يعم: كأن فتح
 الباب
"
Page_V01P416," ولو شرط واقف نظرا له أو لغيره اتبع وإلا فهو لقاض.
  المسبلة بيعها وصرف ثمنها في مصالح
 المسلمين كثمر الشجرة التي لها ثمر فإن صرفها في مصالح المقبرة أولى.
 هذا عند سقوطها بنحو ريح وأما قطعها مع سلامتها فيظهر إبقاوها للرفق
 بالزائر والمشيع.
 ولو شرط واقف نظرا له أي لنفسه.
 أو لغيره اتبع  كسائر شروطه وقبول من شرط له النظر: كقبول الوكيل على
 الأوجه وليس له عزل من شرط نظره حال الوقف ولو لمصلحة وإلا يشرط لأحد فهو
 لقاض أي قاضي بلد الموقوف بالنسبة لحفظه وإجارته وقاضي بلد الموقوف عليه
 بالنسبة لما عدا ذلك على المذهب: لأنه صاحب النظر العام فكان أولى من غيره
 ولو واقفا أو موقوفا عليه.
 وجزم الخوارزمي بثبوته للواقف وذريته بلا شرط ضعيف.
 قال السبكي: ليس للقاضي أخذ ما شرط للناظر إلا أن صرح الواقف بنظره كما
 أنه ليس له أخذ شيء من سهم عامل الزكاة.
 قال ابنه التاج: ومحله في قاض له قدر كفايته.
 وبحث بعضهم أنه لو خشي من القاضي أكل الوقف لجوره جاز لمن هو بيده صرفه
 في مصارفه: أي إن عرفها وإلا فوضه لفقيه عارف بها أو سأله وصرفها.
",Page_V01P415," 000000000000000000000000000000000
  ولو وقف على دهن لإسراج المسجد به
 أسرج كل الليل إن لم يكن مغلقا مهجورا.
 وأفتى ابن عبد السلام بجواز إيقاد اليسير من المصابيح فيه ليلا احتراما
 مع خلوه من الناس واعتمده جمع.
 وجزم في الروضة بحرمة إسراج الخالي.
 قال في المجموع: يحرم أخذ شيء من زيته وشمعه كحصاه وترابه.
 فرع ثمر الشجر النابت بالمقبرة المباحة مباح وصرفه لمصالحها أولى وثمر
 المغروس في المسجد ملكه إن غرس له فيصرف لمصالحه وإن غرس ليؤكل أو جهل
 الحال فمباح.
 وفي الأنوار: ليس للإمام إذا اندرست مقبرة ولم يبق بها أثر: إجارتها
 للزراعة أي مثلا وصرف غلتها للمصالح وحمل على الموقوفة: فالمملوكة لمالكها
 إن عرف وإلا فمال ضائع: أي إن أيس من معرفته يعمل فيه الإمام بالمصلحة وكذا
 المجهولة.
 وسئل العلامة الطنبداوي في شجرة نبتت بمقبرة مسبلة ولم يكن لها ثمر ينتفع
 به إلا أن بها أخشابا كثيرة
 تصلح للبناء ولم يكن لها ناظر خاص فهل للناظر العام أي القاضي بيعها
 وقطعها وصرف قيمتها إلى مصالح المسلمين فأجاب نعم: للقاضي في المقبرة
 العامة
"
Page_V01P398," 000000000000000000000000000000000
  فيه معاوضة كأن أبرأتني فأنت طالق
 لا فيما عدا ذلك: على المعتمد وفي القديم: يصح من المجهول مطلقا.
 ولو أبرأ ثم ادعى الجهل: لم يقبل ظاهرا بل باطنا ذكره الرافعي.
 وفي الجواهر عن الزبيلي1: تصدق الصغيرة المزوجة إجبارا بيمينها في جهلها
 بمهرها.
 قال الغزي: وكذا الكبيرة المجبرة إن دل الحال على جهلها وطريق الإبراء من
 المجهول أن يبرئه مما يعلم أنه لا ينقص عن الدين كألف شك هل دينه يبلغها أو
 ينقص عنها؟
 ولو أبرأ من معين معتقدا أنه لا يستحقه فبان أنه يستحقه برئ.
 ويكره لمعط: تفضيل في عطية فروع وإن سفلوا ولو الأحفاد مع وجود الأولاد
 على الأوجه سواء كانت تلك العطية هبة أم هدية أم صدقة أم وقفا أو أصول وإن
 بعدوا سواء الذكر وغيره إلا لتفاوت حاجة أو فضل على الأوجه.
 قال جمع: يحرم
 ونقل في الروضة عن الدارمي: فإن فضل في الأصل فليفضل الأم وأقره لما في
 الحديث ""أن لها ثلثي البر"" [صحيح ابن حبان 
",Page_V01P394," الشرط المذكور فإذا أقت بعمر الواهب أو الأجنبي كأعمرتك هذا عمري أو عمر
 فلان.
 لم تصح ولو قال لغيره  أنت في حل مما تأخذ أو تعطي أو تأكل من مالي فله
 الأكل فقط لأنه إباحة وهي تصح بمجهول بخلاف الأخذ والإعطاء قاله العبادي.
 ولو قال وهبت لك جميع ما لي أو نصف ما لي صحت إن كان المال أو نصفه
 معلوما لهما وإلا فلا.
 وفي الأنوار: لو قال أبحت لك ما في داري أو ما في كرمي من العنب فله أكله
 دون بيعه وحمله وإطعامه لغيره.
 وتقتصر الإباحة على الموجود أي عندها في الدار أو الكرم.
 ولو قال أبحت لك جميع ما في داري أكلا واستعمالا ولم يعلم المبيح الجميع
 لم تحصل الإباحة انتهى.
 وجزم بعضهم أن الإباحة لا ترتد بالرد.
 وشرط الموهوب كونه عينا يصح بيعها فلا تصح هبة المجهول كبيعه وقد مر آنفا
 بيانه بخلاف هديته وصدقته فتصحان فيما استظهره شيخنا.
 وتصح هبة المشاع كبيعه ولو قبل القسمة: سواء وهبه للشريك أو غيره.
 وقد تصح الهبة دون البيع كهبة حبتي بر ونحوهما من المحقرات وجلد نجس على
 تناقض فيه في الروضة وكذا دهن متنجس
"
Page_V01P485," وحل لمسلم وطء الكتابية.
  موسر قن لمالكها.
 ولو غر واحد بحرية أمة وتزوجها فأولادها الحاصلون منه أحرار ما لم يعلم
 برقها وإن كان  عبدا ويلزمه قيمتهم يوم الولادة.
 وحل لمسلم حر وطئ أمته الكتابية لا الوثنية والمجوسية.
 تتمة [في بيان متعلقات نكاح الرقيق] لا يضمن سيد بإذنه في نكاح عبده مهرا
 ولا مؤنة وإن شرط في إذنه ضمان بل يكونان في كسبه وفي مال تجارة أذن له
 فيها ثم إن لم يكن مكتسبا ولا مأذونا فهما في ذمته فقط كزائد على مقدر له
 ومهر وجب بوطء في نكاح فاسد لم يأذن فيه سيده ولا يثبت مهر أصلا بتزويج
 أمته لعبده وإن سماه وقيل يجب ثم يسقط.

 
 | فصل في الصداق
  فصل في الصداق
 وهو ما وجب بنكاح أو وطء وسمي بذلك لإشعاره بصدق رغبة باذله في النكاح
 الذي هو الأصل في
 إيجابه ويقال له أيضا مهر وقيل الصداق ما وجب بتسميته في العقد والمهر ما
 وجب بغير ذلك.
",Page_V01P487," ولو أنكح صغيرة أو رشيدة بكرا بلا إذن بدون مهر مثل
 أو عينت له قدرا فنقص عنه صح بمهر مثل.
 وفي وطء نكاح فاسد مهر مثل ويتقرر كله بموت أو وطء ويسقط بفراق قبله
 كفسخها.
  أن لها بل عليها الامتناع حينئذ
 على ما قاله شيخنا.
 ولو أنكح الولي صغيرة أو مجنونة أو رشيدة بكرا بلا إذن بدون مهر مثل أو
 عينت له قدرا فنقص عنه أو أطلقت الإذن ولم تتعرض لمهر فنقص عن مهر مثل صح
 النكاح على الأصح بمهر مثل لفساد المسمى كما إذا قبل النكاح لطفله بفوق مهر
 مثل من ماله ولو ذكروا مهرا سرا وأكثر منه جهرا لزمه ما عقد به اعتبارا
 بالعقد وإذا عقد سرا بألف ثم أعيد جهرا بألفين تجملا لزم ألف.
 وفي وطئ نكاح أو شراء فاسد كما في وطء شبهة يجب مهر مثل لاستيفائه منفعة
 البضع.
 ولا يتعدد بتعدد الوطء إن اتحدت الشبهة.
 ويتقرر كله أي كل الصداق بموت لأحدهما ولو قبل الوطء لإجماع الصحابة على
 ذلك.
 أو وطء أي بغيبة الحشفة وإن بقيت البكارة.
 ويسقط أي كله بفراق وقع منها قبله أي قبل وطئ كفسخها بعيبه أو بإعساره
 وكردتها أو بسببها كفسخه بعيبها.
"
Page_V01P047," 2- وغسل وجهه وهو ما بين منابت رأسه ومنتهى لحييه وما
 بين أذنيه,
  فالأولى أن يفرق النية بأن ينوي
 عند كل من غسل الكفين والمضمضة والاستنشاق سنة الوضوء ثم فرض الوضوء عند
 غسل الوجه حتى لا تفوت فضيلة استصحاب النية من أوله وفضيلة المضمضة
 والاستنشاق مع انغسال حمرة الشفة.
 | 2- 
 وثانيها: غسل ظاهر وجهه لآية: {فاغسلوا وجوهكم} [5 سورة المائدة: 6] وهو
 طولا ما بين منابت شعر رأسه غالبا وتحت منتهى لحييه بفتح اللام فهو من
 الوجه دون ما تحته والشعر النابت على ما تحته وعرضا ما بين أذنيه.
 ويجب غسل شعر الوجه من هدب وحاجب وشارب وعنفقة ولحية وهي ما نبت على
 الذقن وهو مجتمع اللحيين وعذار هو ما نبت على العظم المحاذي للأذن وعارض
 وهو ما انحط عنه إلى اللحية.
 ومن الوجه حمرة الشفتين وموضع الغمم وهو ما نبت عليه الشعر من الجبهة دون
 محل التحذيف على الأصح وهو ما نبت عليه الشعر الخفيف بين ابتداء العذار
 والنزعة ودون وتد الأذن والنزعتين وهما بياضان يكتنفان الناصية وموضع الصلع
 وهو ما بينهما إذا انحسر عنه الشعر.
",Page_V01P067," 2- وتعميم بدن حتى الشعر وباطن جدري وما تحت قلفة
 بماء طهور ويكفي ظن عمومه.
 وسن:
  من البدن ولو من أسفله فلو نوى بعد
 غسل جزء وجب إعادة غسله ولو نوى رفع الجنابة وغسل بعض البدن ثم نام فاستيقظ
 وأراد غسل الباقي لم يحتج إلى إعادة النية.
 | 2- 
 وثانيهما: تعميم ظاهر بدن حتى الأظفار وما تحتها والشعر ظاهرا وباطنا وإن
 كثف وما ظهر من نحو منبت شعرة  زالت قبل غسلها وصماخ وفرج امرأة عند جلوسها
 على قدميها وشقوق وباطن جدري انفتح رأسه لا باطن قرحة برئت وارتفع قشرها
 ولم يظهر شيء مما تحته.
 ويحرم فتق الملتحم وما تحت قلفة من الأقلف فيجب غسل باطنها لأنها مستحقة
 الإزالة لا باطن شعر انعقد بنفسه وإن كثر.
 ولا يجب مضمضة واستنشاق بل يكره تركهما.
 بماء طهور ومر أنه يضر تغير الماء تغيرا ضارا ولو بما على العضو خلافا
 لجمع.
 ويكفي ظن عمومه أي الماء على البشرة والشعر وإن لم يتيقنه فلا يجب تيقن
 عمومه بل يكفي غلبة الظن به فيه كالوضوء وسن للغسل الواجب والمندوب:
"
Page_V01P079," 0000000000000000000000000000000
  وإن أدى إلى تلفه وإن كان ليتيم.
 قال شيخنا: ويتعين فرضه فيما إذا مست النجاسة شيئا من القرآن بخلاف ما
 إذا كانت في نحو الجلد أو الحواشي.
 فرع غسالة المتنجس ولو معفوا عنه كدم قليل إن انفصلت وقد زالت العين
 وصفاتها ولم تتغير ولم يزد وزنها بعد اعتبار ما يأخذه الثوب من الماء
 والماء من الوسخ وقد طهر المحل: طاهرة قال شيخنا: ويظهر الاكتفاء فيهما
 بالظن.
 فرع إذا وقع في طعام جامد كسمن فأرة مثلا فماتت ألقيت وما حولها مما
 ماسها فقط والباقي طاهر.
 والجامد هو الذي إذا غرف منه لا يتراد على قرب.
 فرع [في بيان كيفية غسل النجاسة المتوسطة والمغلظة] إذا تنجس ماء البئر
 القليل بملاقاة نجس لم يطهر بالنزح بل ينبغي أن لا ينزح ليكثر الماء بنبع
 أو صب ماء فيه أو الكثير بتغير به لم يطهر إلا بزواله فإن بقيت فيه نجاسة
 كشعر فأرة ولم يتغير فطهور تعذر استعماله1 إذ 
",Page_V01P408," 000000000000000000000000000000000
  حينئذ والمولى يشمل معتقا وعتيقا.
 تنبيه حيث أجمل الواقف شرطه اتبع فيه العرف المطرد في زمنه لأنه بمنزلة
 شرطه ثم ما كان أقرب إلى مقاصد الواقفين كما يدل عليه كلامهم ومن ثم امتنع
 في السقايات المسبلة على الطرق غير الشرب ونقل الماء منها ولو للشرب وبحث
 بعضهم حرمة نحو بصاق وعسل وسخ في ماء مطهرة المسجد وإن كثر.
 وسئل العلامة الطنبداوي عن الجوابي والجرار التي عند المساجد فيها الماء
 إذا لم يعلم أنها موقوفة للشرب أو الوضوء أو الغسل الواجب أو المسنون أو
 غسل النجاسة؟ فأجاب إنه إذا دلت قرينة على أن الماء موضوع لتعميم الانتفاع:
 جاز جميع ما ذكر من الشرب وغسل النجاسة وغسل الجنابة وغيرها.
 ومثال القرينة: جريان الناس على تعميم لانتفاع من غير نكير من فقيه وغيره
 إذا الظاهر من عدم النكير: أنهم أقدموا على تعميم الانتفاع بالماء بغسل
 وشرب ووضوء وغسل نجاسة فمثل هذا إيقاع يقال بالجواز1.
 وقال إن فتوى العلامة عبد الله بامخرمة يوافق ما ذكره انتهى.
 قال القفال وتبعوه: ويجوز شرط رهن من مستعير كتاب وقف يأخذه 
"
Page_V01P652," ومبادر إلا في حق مؤكد لله كطلاق وعتق
  وترد من مبادر بشهادته قبل أن
 يسألها بعد الدعوى لأنه متهم نعم لو أعادها في المجلس ولو بعد الاستشهاد
 قبلت إلا في شهادة حسبة وهي ما قصد بها وجه الله فتقبل قبل الاستشهاد ولو
 بلا  دعوى.
 في حق مؤكد لله تعالى وهو ما لا يتأثر برضا الآدمي كطلاق رجعي أو بائن.
 وعتق واستيلاد ونسب وعفو عن قود وبقاء عدة وانقضائها وبلوغ وإسلام وكفر
 ووصية ووقف لنحو جهة عامة وحق لمسجد وترك صلاة وصوم وزكاة بأن يشهد بتركها
 وتحريم رضاع ومصاهرة.
 تنبيه: إنما تسمع شهادة الحسبة عند الحاجة إليها فلو شهد اثنان أن فلانا
 أعتق عبده أو أنه أخو فلانة من الرضاع لم يكف حتى يقولا أنه يسترقه أو أنه
 يريد نكاحها.
 وخرج بقولي في حق لله تعالى حق الآدمي كقود وحد قذف وبيع فلا تقبل فيه
 شهادة الحسبة وتقبل في حد الزنا وقطع الطريق والسرقة.
",Page_V01P650," وبما هو محل تصرفه ومن عدو,
  ولا على أبيه بطلاق ضرة أمه طلاقا
 بائنا وأمه تحته أما رجعي فتقبل قطعا هذا كله في شهادة حسبة أو بعد دعوى
 الضرة فإن ادعاه الأب لعدم نفقة لم تقبل شهادته للتهمة وكذا لو ادعته أمه.
 قال ابن الصلاح: لو ادعى الفرع على آخر بدين لموكله فأنكر فشهد به أبو
 الوكيل قبل وإن كان فيه تصديق ابنه.
 وتقبل شهادة كل من الزوجين والأخوين والصديقين للآخر.
 وترد الشهادة بما هو محل تصرفه كأن وكل أو أوصى فيه لأنه  يثبت بشهادته
 ولاية له على المشهود به نعم: لو شهد به بعد عزله ولم يكن خاصم قبله قبلت.
 وكذا لا تقبل شهادة وديع لمودعه ومرتهن لراهنه لتهمة بقاء يدهما أما ما
 ليس وكيلا أو وصيا فيه فتقبل.
 ومن حيل شهادة الوكيل ما لو باع فأنكر المشتري الثمن أو اشترى فادعى
 أجنبي بالمبيع فله أن يشهد لموكله بأن له عليه كذا أو بأن هذا ملكه إن جاز
 له أن يشهد به للبائع ولا يذكر أنه وكيل وصوب الأذرعي حله باطنا لان فيه
 توصلا للحق بطريق مباح وكذا لا تقبل ببراءة من ضمنه الشاهد أو أصله أو فرعه
 أو عبده لأنه يدفع به الغرم عن نفسه أو عمن لا تقبل شهادة له.
 وترد الشهادة من عدو على عدوه عداوة دنيوية لا له وهو من يحزن بفرحه
 وعكسه فلو عادى من يريد أن يشهد عليه وبالغ في
"
Page_V01P034," وصحبه الفائزين برضا الله.
 وبعد فهذا مختصر في الفقه على مذهب الغمام الشافعي رحمه الله تعالى.
  هم كل مؤمن أي في مقام الدعاء ونحو
 واختير لخبر ضعيف فيه وجزم به النووي في شرح
 مسلم.
 وصحبه وهو اسم جمع لصاحب بمعنى الصحابي وهو من اجتمع مؤمنات بنبينا صلى
 الله عليه واله وسلم ولو أعمى وغير مميز.
 الفائزين برضا الله تعالى صفة لمن ذكر.
 وبعد أي بعدما تقدم من البسملة والحمدلة والصلاة والسلام على من ذكر.
 فهذا المؤلف الحاضر ذهنا مختصر قل لفظه وكثر معناه من الاختصار.
 في الفقه هو لغة: الفهم. واصطلاحا: العلم بالأحكام الشرعية العملية
 المكتسب من أدلتها التفصيلية.
 واستمداده من الكتاب والسنة والإجماع والقياس. وفائدته: امتثال أوامر
 الله تعالى واجتناب نواهيه.
 على مذهب الإمام المجتهد أبي عبد الله محمد بن إدريس الشافعي رحمه الله
 تعالى ورضي عنه أي ما ذهب إليه من الأحكام في المسائل.
 إدريس والده هو ابن عباس بن عثمان بن شافع بن السائب بن
",Page_V01P032," الحمد لله الذي هدانا لهذا وما كنا لنهتدي لولا أن
 هدانا الله والصلاة والسلام على سيدنا محمد رسول الله.
  والله: علم للذات الواجب الوجود
 وهو اسم جنس لكل معبود ثم عرف بأل وحذفت الهمزة ثم استعمل في المعبود بحق
 وهو الاسم الأعظم عند الأكثر ولم يسم به غيره ولو تعنتا.
 والرحمن الرحيم صفتان بنيتا للمبالغة من رحم والرحمن أبلغ من الرحيم لأن
 زيادة البناء تدل على زيادة المعنى ولقولهم: رحمن الدنيا والآخرة ورحيم
 الآخرة:
 الحمد الله الذي هدانا أي دلنا لهذا التأليف وما كنا لنهتدي لولا أن
 هدانا الله إليه.
 والحمد هو الوصف بالجميل.
 والصلاة وهي من الله الرحمة المقرونة بالتعظيم.
 والسلام أي التسليم من كل آفة ونقض على سيدنا محمد رسول الله لكافة
 الثقلين الجن والإنس
 إجماعا وكذا الملائكة على ما قاله جمع محققون1.
 ومحمد علم منقول من اسم المفعول المضعف موضوع لمن كثرت خصاله الحميدة سمى
 به نبينا صلى الله عليه واله وسلم بإلهام من الله لجده. 
"
Page_V01P318," بلا فصل وتخلل لفظ أجنبي وتعليق وتأقيت وشرط في عاقد
 تكليف وإسلام لتملك مسلم
  فقال: نعم أو إي وقال للمشتري
 اشتريت؟ فقال: نعم صح.
 ويصح أيضا بنعم منهما لجواب قول المشتري بعت والبائع اشتريت.
 ولو قرن بالإيجاب أو القبول حرف استقبال كأبيعك لم يصح.
 قال شيخنا: ويظهر أنه يغتفر من العامي نحو فتح تاء المتكلم.
 وشرط صحة الإيجاب والقبول كونهما بلا فصل بسكوت طويل يقع بينهما بخلاف
 اليسير.
 ولا تخلل لفظ وإن قل.
 أجنبي عن العقد بأن لم يكن من مقتضاه ولا من مصالحه.
 ويشترط أيضا أن يتوافقا معنى لا لفظا فلو قال بعتك بألف فزاد أو نقص أو
 بألف حالة فأجل أو عكسه أو مؤجلة بشهر فزاد لم يصح للمخالفة.
 وبلا تعليق فلا يصح معه كإن مات أبي فقد بعتك هذا ولا تأقيت كبعتك هذا
 شهرا.
 وشرط في عاقد بائعا كان أن مشتريا تكليف فلا يصح عقد صبي ومجنون وكذا من
 مكره بغير حق لعدم رضاه.
 وإسلام لتملك رقيق مسلم لا يعتق عليه.
",Page_V01P647," وشرط في شاهد تكليف وحرية ومروءة وعدالة
  ولا يثبت ذلك برجل ويمين.
 وسئل بعض أصحابنا عما إذا شهد رجلان أن فلانا بلغ عمره ست عشرة سنة فشهدت
 أربع نسوة أن فلانة يتيمة ولدت شهر مولده أو قبله أو بعده بشهر مثلا فهل
 يجوز تزويجها اعتمادا على قولهن أو لا يجوز  إلا بعد ثبوت بلوغ نفسها برجلين
 فأجاب نفعنا الله به: نعم يثبت ضمنا بلوغ من شهدن بولادتها كما يثبت النسب
 ضمنا بشهادة النساء بالولادة فيجوز تزويجها بإذنها للحكم ببلوغها شرعا
 انتهى.
 فرع: لو أقامت شاهدا بإقرار زوجها بالدخول كفى حلفها معه ويثبت المهر أو
 أقامه هو على إقرارها به لم يكف الحلف معه لان قصده ثبوت العدة والرجعة
 وليسا بمال.
 وشرط في شاهد تكليف وحرية ومروءة وعدالة وتيقظ فلا تقبل من صبي ومجنون
 ولا ممن به رق لنقصه ولا من غير ذي مروءة لانه لا حياء له ومن لا حياء له
 يقول ما شاء وهي توقى الأدناس عرفا فيسقطها الأكل والشرب في السوق والمشي
 فيه كاشفا رأسه أو بدنه لغير سوقي وقبلة الحلية بحضرة الناس وإكثار ما يضحك
 بينهم أو لعب شطرنج أو رقص بخلاف قليل الثلاثة ولا من فاسق واختار
"
