query_t1,query_t2,pos_docno,neg_docno,pos_text,neg_text
Rujukan mengenai asal pembentukan kata 'ism' (nama) yang spesifik menafikan 'wasm'.,"Menurut teks ini, kata 'nama' (ism) dalam bahasa Arab itu asalnya dari mana, dan bukan dari mana?",Page_V01P031,Page_V01P035," 
 | مقدمة
 ...
 بسم الله الرحمن الرحيم
  الحمد لله الفتاح الجواد المعين
 على التفقه في الدين من اختاره من العباد وأشهد أن لا إله الله شهادة
 تدخلنا دار الخلود وأشهد أن سيدنا محمدا ورسوله صاحب المقام المحموم صلى
 الله وسلم عليه وعلى آله وأصحابه الأمجاد صلاة وسلاما أفوز بهما يوم
 المعاد.
 وبعد فهذا شرح مفيد على كتاب المسمى بقرة العين بمهمات الدين يبين المراد
 ويتمم المفاد ويحصل المقاصد ويبرز الفوائد وسميته: بفتح بشرح قرة العين
 بمهمات الدين وأنا أسأل الله الكريم المنان أن يعم الانتفاع به للخاصة
 والعامة من الإخوان وأن يسكنني به الفردوس في دار الإمامان إنه أكرم كريم
 وأرحم رحيم.
 بسم الله الرحمن الرحيم.
 أي: أولف: والاسم مشتق من السمو وهو العلو لا من الوسم وهو العلامة.
"," وسميته ب قرة العين بمهمات الدين راجيا من الرحمن أن
 ينتفع به الأذكياء وأن تقربه عيني غدا بالنظر إلى وجهه الكريم بكرة وعشيا.
  عبيد بن عبد بن يزيد بن هاشم بن
 عبد المطلب بن عبد مناف.
 وشافع وهو الذي ينسب إليه الإمام وأسلم هو وأبوه السائب يوم بدر.
 وولد إمامنا رضي الله عنه سنة خمسين ومائة وتوفي يوم الجمعة سلخ رجب سنة
 أربع ومائتين.
 وسميته ب قرة العين ببيان مهمات أحكام الدين انتخبته وهذا الشرح من الكتب
 المعتمدة لشيخنا خاتمة المحققين شهاب الدين أحمد بن حجر الهيثمي وبقية
 المجتهدين مثل وجيه الدين عبد الرحمن بن زياد الزبيدي رضي الله عنهما وشيخي
 مشايخنا: شيخ الإسلام المجدد زكريا الأنصاري الإمام الأمجد أحمد المزجد
 الزبيدي رحمهما الله تعالى وغير هم من محققي المتأخرين معتمدا على ما جزم
 به  شيخا المذهب: النووي والرافعي فالنووي فمحققو المتأخرين رضي الله عنهم.
 راجيا من ربنا الرحمن أن ينتفع به الأذكياء أي العلاء وأن تقر به بسببه
 عيني غدا أي اليوم الآخر بالنظر إلى وجهه الكريم بكرة وعشيا آمين.
   
"
Perbedaan tingkatan mubalaghah antara nama 'Ar-Rahman' dan 'Ar-Rahim' berdasarkan struktur kata dan cakupan rahmat.,Apa alasan mengapa nama 'Ar-Rahman' dianggap menunjukkan kadar rahmat yang lebih luas dibandingkan 'Ar-Rahim'?,Page_V01P032,Page_V01P034," الحمد لله الذي هدانا لهذا وما كنا لنهتدي لولا أن
 هدانا الله والصلاة والسلام على سيدنا محمد رسول الله.
  والله: علم للذات الواجب الوجود
 وهو اسم جنس لكل معبود ثم عرف بأل وحذفت الهمزة ثم استعمل في المعبود بحق
 وهو الاسم الأعظم عند الأكثر ولم يسم به غيره ولو تعنتا.
 والرحمن الرحيم صفتان بنيتا للمبالغة من رحم والرحمن أبلغ من الرحيم لأن
 زيادة البناء تدل على زيادة المعنى ولقولهم: رحمن الدنيا والآخرة ورحيم
 الآخرة:
 الحمد الله الذي هدانا أي دلنا لهذا التأليف وما كنا لنهتدي لولا أن
 هدانا الله إليه.
 والحمد هو الوصف بالجميل.
 والصلاة وهي من الله الرحمة المقرونة بالتعظيم.
 والسلام أي التسليم من كل آفة ونقض على سيدنا محمد رسول الله لكافة
 الثقلين الجن والإنس
 إجماعا وكذا الملائكة على ما قاله جمع محققون1.
 ومحمد علم منقول من اسم المفعول المضعف موضوع لمن كثرت خصاله الحميدة سمى
 به نبينا صلى الله عليه واله وسلم بإلهام من الله لجده. 
"," وصحبه الفائزين برضا الله.
 وبعد فهذا مختصر في الفقه على مذهب الغمام الشافعي رحمه الله تعالى.
  هم كل مؤمن أي في مقام الدعاء ونحو
 واختير لخبر ضعيف فيه وجزم به النووي في شرح
 مسلم.
 وصحبه وهو اسم جمع لصاحب بمعنى الصحابي وهو من اجتمع مؤمنات بنبينا صلى
 الله عليه واله وسلم ولو أعمى وغير مميز.
 الفائزين برضا الله تعالى صفة لمن ذكر.
 وبعد أي بعدما تقدم من البسملة والحمدلة والصلاة والسلام على من ذكر.
 فهذا المؤلف الحاضر ذهنا مختصر قل لفظه وكثر معناه من الاختصار.
 في الفقه هو لغة: الفهم. واصطلاحا: العلم بالأحكام الشرعية العملية
 المكتسب من أدلتها التفصيلية.
 واستمداده من الكتاب والسنة والإجماع والقياس. وفائدته: امتثال أوامر
 الله تعالى واجتناب نواهيه.
 على مذهب الإمام المجتهد أبي عبد الله محمد بن إدريس الشافعي رحمه الله
 تعالى ورضي عنه أي ما ذهب إليه من الأحكام في المسائل.
 إدريس والده هو ابن عباس بن عثمان بن شافع بن السائب بن
"
Syarat rasul tanpa kitab atau nasakh,Apakah seorang rasul selalu diwajibkan memiliki kitab suci atau membawa syariat yang menghapus hukum sebelumnya?,Page_V01P033,Page_V01P119," وعلى آله
  والرسول من البشر ذكر حر أوحى إليه
 بشرع وأمر بتبليغه وإن لم يكن له كتاب ولا نسخ كيوشع عليه السلام فإن لم
 يؤمر بالتبليغ فنبي.
 والرسول أفضل من النبي إجماعا وصح خبر  أن عدد الأنبياء عليهم الصلاة
 والسلام مائة ألف وأربعة وعشرون ألفا وأن عدد الرسل ثلاثمائة وخمسة عشر1.
 وعلى آله أي أقاربه المؤمنين من بني هاشم والمطلب وقيل:
"," 11- وصلاة على النبي بعده وأقلها: اللهم صل على محمد
 وسن في أخير صلاة على آله,
  ولا يجوز إبدال لفظ من هذا الأقل
 ولو بمرادفه كالنبي بالرسول وعكسه ومحمد بأحمد وغيره.
 ويكفي: وأن محمدا عبده ورسوله لا وأن محمدا رسوله.
 ويجب أن يراعي هنا التشديدات وعدم إبدال حرف بآخر والموالاة لا الترتيب
 إن لم يخل بالمعنى.
 فلو أظهر النون المدغمة في اللام في أن لا إله إلا الله أبطل لتركه شدة
 منه كما لو ترك إدغام [تنوين] 1 دال محمد في راء رسول الله.
 ويجوز في النبي الهمزة والتشديد.
 | 11- 
 وحادي عشرها: صلاة على النبي صلى الله عليه وسلم بعده أي بعد تشهد أخير
 فلا تجزئ قبله.
 وأقلها: اللهم صل أي ارحمه رحمة مقرونة بالتعظيم.
 أو: صلى الله على محمد أو على رسوله أو على النبي دون أحمد.
 وسن في تشهد أخير وقيل: يجب صلاة على آله فيحصل أقل الصلاة على الآل
 بزيادة وآله مع أقل الصلاة لا في الأول على 
"
Hukum `qada` salat bagi wanita `haid` atau `nifas`.,Apakah wanita yang sedang haid atau nifas wajib mengganti salat yang tidak bisa dilaksanakannya?,Page_V01P036,Page_V01P230," 
 | باب الصلاة
 | مدخل
 ...
 باب الصلاة
 إنما تجب المكتوبة على مسلم مكلف طاهر ويقتل إن أخرجها عن وقت جمع إن لم
 يتب,
  باب الصلاة
 هي شرعا: أقوال وأفعال مخصوصة مفتتحة بالتكبير مختتمة بالتسليم وسميت
 بذلك لاشتمالها على الصلاة لغة وهي الدعاء.
 والمفروضات العينية خمس في كل يوم وليلة معلومة من الدين بالضرورة فيكفر
 جاحدها ولم تجتمع هذه الخمس لغير نبينا محمد ص وفرضت ليلة الإسراء بعد
 النبوة بعشر سنين وثلاثة أشهر ليلة سبع وعشرين من رجب ولم تجب صبح يوم تلك
 الليلة لعدم العلم بكيفيتها.
 إنما تجب المكتوبة أي الصلوات الخمس على كل مسلم مكلف أي بالغ عاقل ذكر
 أو غيره طاهر فلا تجب على كافر أصلي وصبي ومجنون ومغمى عليه وسكران بلا تعد
 لعدم تكليفهم ولا على حائض ونفساء لعدم صحتها منهما ولا قضاء عليهما بل تجب
 على مرتد ومتعد بسكر.
 ويقتل أي المسلم المكلف الطاهر حدا بضرب عنقه إن أخرجها أي المكتوبة
 عامدا عن وقت جمع لها إن كان كسلا مع اعتقاد وجوبها إن لم يتب بعد
 الاستتابة وعلى ندب الاستتابة
"," 
 | باب الزكاة
 | مدخل
 ...
 باب الزكاة
 تجب على مسلم حر في ذهب
  باب الزكاة
 هي لغة: التطهير والنماء وشرعا: اسم لما يخرج عن مال أو بدن على الوجه
 الآتي.
 وفرضت زكاة المال في السنة الثانية من الهجرة بعد صدقة الفطر.
 ووجبت في ثمانية أصناف من المال: النقدين والأنعام والقوت والتمر والعنب
 لثمانية أصناف من الناس.
 ويكفر جاحد وجوبها ويقاتل الممتنع عن أدائها وتؤخذ منه وإن لم يقاتل
 قهرا.
 تجب على كل مسلم ولو غير مكلف فعلى الولي إخراجها من ماله.
 وخرج بالمسلم الكافر الأصلي فلا يلزمه إخراجها ولو بعد الإسلام.
 حر معين فلا تجب على رقيق لعدم ملكه وكذا المكاتب لضعف ملكه ولا تلزم
 سيده لأنه غير مالك.
 في ذهب ولو غير مضروب خلافا لمن زعم اختصاصها بالمضروب.
"
Hukum pengalokasian seluruh waktu untuk qadha' dan larangan shalat tathawwu' bagi yang meninggalkan shalat wajib tanpa uzur.,"Jika seseorang sengaja meninggalkan shalat fardhu tanpa alasan yang syar'i, bagaimana ia harus mengatur waktunya untuk mengqadha dan apakah ia boleh melakukan shalat sunnah?",Page_V01P037,Page_V01P271," ويبادر بفائت ويسن ترتيبه وتقديمه على حاضره,
  لا يضمن من قتله قبل التوبة لكنه
 يأثم ويقتل كفرا إن تركها جاحدا وجوبها فلا يغسل ولا يصلى عليه.
 ويبادر من مر بفائت1 وجوبا إن فات بلا عذر فيلزمه القضاء فورا. قال شيخنا
 أحمد بن حجر رحمه الله تعالى: والذي يظهر أنه يلزمه صرف جميع زمنه للقضاء
 ما عدا ما يحتاج لصرفه فيما لا بد منه وأنه يحرم عليه التطوع. انتهى.
 ويبادر به ندبا إن فات بعذر كنوم لم يتعد به ونسيان كذلك.
 ويسن ترتيبه أي الفائت فيقضي الصبح قبل الظهر وهكذا.
 وتقديمه على حاضرة لا يخاف فوتها إن فات بعذر وإن خشي فوت جماعتها  على
 المعتمد.
 وإذا فات بلا عذر فيجب تقديمه عليها أما إذا خاف فوت الحاضرة بأن يقع
 بعضها وإن قل خارج الوقت فيلزمه البدء بها ويجب تقديم ما فات بغير عذر على
 ما فات بعذر وإن فقد الترتيب لأنه سنة والبدار واجب.
 ويندب تأخير الرواتب عن الفوائت بعذر ويجب تأخيرها عن الفوائت بغير عذر.
 تنبيه من مات وعليه صلاة فرض لم تقض ولم تفد عنه وفي 
"," وعلى من أفطر لعذر لا يرجى زواله مد بلا قضاء وعلى
 مؤخر قضاء بلا عذر مد لكل سنة.
  ولا يجوز صرف الكفارة لمن تلزمه
 مؤنته.
 ويجب على من أفطر في رمضان لعذر لا يرجى زواله ككبر ومرض لا يرجى برؤه:
 مد1 لكل يوم منه إن كان موسرا حينئذ بلا قضاء وإن قدر عليه بعد لأنه غير
 مخاطب بالصوم فالفدية في حقه واجبة ابتداء لا بدلا.
 ويجب المد مع القضاء على: حامل ومرضع أفطرتا للخوف على الولد.
 ويجب على مؤخر قضاء لشيء من رمضان حتى دخل رمضان آخر بلا عذر في التأخير:
 بأن خلا عن
 السفر والمرض قدر ما عليه مد لكل سنة فيتكرر بتكرر السنين على المعتمد.
 وخرج بقولي بلا عذر: ما إذا كان التأخير بعذر كأن استمر سفره أو مرضه أو
 إرضاعها إلى قابل فلا شيء عليه ما بقي العذر وإن استمر سنين.
 ومتى أخر قضاء رمضان مع تمكنه حتى دخل آخر فمات: أخرج من تركته لكل يوم
 مدان: مد للفوات ومد للتأخير إن لم يصم عنه قريبه أو مأذونه وإلا وجب مد
 واحد للتأخير. 
"
Hukum perintah salat dan puasa bagi budak kecil kafir yang mengucapkan syahadat.,"Bagaimana hukumnya jika seorang anak budak kecil yang belum balig, tapi bukan Muslim, lalu mengucapkan dua kalimat syahadat, apakah dia diperintahkan untuk salat dan puasa, dan apakah boleh dipukul jika tidak melakukannya?",Page_V01P038,Page_V01P272," ويؤمر مميز بها لسبع ويضرب عليها لعشر كصوم أطاقه,
  قول أنها تفعل عنه أوصى بها أم لا
 ما حكاه العبادي عن الشافعي لخبر فيه [راجع البخاري رقم: 1952, مسلم رقم:
 1147, أبو داود رقم: 2400, 3311, مسند أحمد رقم: 23880,] وفعل به السبكي عن
 بعض أقاربه [راجع الفائدة في باب الصوم صفحة 272, وراجع صفحة: 433] .
 ويؤمر ذو صبا ذكر أو أنثى مميز بأن صار يأكل ويشرب ويستنجي وحده أي يجب
 على كل من أبويه وإن علا ثم الوصي. وعلى مالك الرقيق أن يأمر بها أي الصلاة
 ولو قضاء وبجميع شروطها لسبع أي بعد سبع من السنين أي عند تمامها وإن ميز
 قبلها. وينبغي مع صيغة الأمر التهديد ويضرب ضربا غير مبرح وجوبا ممن ذكر
 عليها أي على تركها ولو قضاء أو ترك شرط من شروطها لعشر أي بعد استكمالها
 للحديث الصحيح: مروا الصبي بالصلاة إذا بلغ سبع سنين وإذا بلغ عشر سنين
 فاضربوه عليها [رواه الترمذي رقم: 407, وأبو داود رقم: 494, والدارمي رقم:
 1431, والحاكم في المستدرك رقم: 948, 1/389] , كصوم أطاقه فإنه يؤمر به
 لسبع ويضرب عليه لعشر كالصلاة.
 وحكمة ذلك التمرين على العبادة ليتعودها فلا يتركها.
 وبحث الأذرعي في قن صغير كافر نطق بالشهادتين أنه يؤمر ندبا بالصلاة
 والصوم يحث عليهما من غير ضرب ليألف الخير بعد بلوغه
"," 000000000000000000000000000000000
  والجديد: عدم جواز الصوم عنه مطلقا
 بل يخرج من تركته لكل يوم مد طعام وكذا صوم النذر والكفارة. وذهب النووي
 كجمع محققين إلى تصحيح القديم القائل: بأنه لا يتعين الإطعام فيمن مات بل
 يجوز للولي أن يصوم عنه ثم إن خلف تركة وجب أحدهما وإلا ندب.
 ومصرف الإمداد: فقير ومسكين وله صرف أمداد لواحد.
 فائدة:من مات وعليه صلاة فلا قضاء ولا فدية وفي قول كجمع مجتهدين أنها
 تقضى عنه لخبر البخاري [رقم: 1952, مسلم رقم: 1147, وهو في الصوم لا
 الصلاة] وغيره1 ومن ثم اختاره جمع من أئمتنا وفعل به السبكي عن بعض أقاربه
 [راجع الصفحة: 38, 433] ونقل ابن برهان عن القديم أنه يلزم الولي إن خلف
 تركه أن يصلي عنه كالصوم وفي وجه عليه كثيرون من أصحابنا أنه يطعم عن كل
 صلاة مدا.
 وقال المحب الطبري : يصل للميت كل عبادة تفعل عنه: واجبة أو مندوبة.
 وفي شرح المختار لمؤلفه: مذهب أهل السنة أن للإنسان أن 
"
"Hukum memukul istri (kecil atau dewasa) berdasarkan pandangan as-Sam'ani, Jamal al-Islam Ibn al-Bizri, Syekh, dan al-Zarkashi.","Apa saja pandangan atau ketentuan dari para ulama fikih mengenai memukul istri, baik istri yang masih muda maupun yang sudah dewasa, serta dalam kondisi seperti apa hal itu diperbolehkan atau diwajibkan?",Page_V01P039,Page_V01P194," وأول واجب على الآباء تعليمه أن نبينا محمدا صلى الله
 عليه وسلم بعث بمكة ودفن بالمدينة.
  وإن أبى القياس ذلك. انتهى.
 ويجب أيضا على من مر نهيه عن المحرمات وتعليمه الواجبات ونحوها من سائر
 الشرائع الظاهرة ولو سنة كسواك وأمره بذلك ولا ينتهي وجوب ما  مر على من مر
 إلا ببلوغه رشيدا وأجرة تعليمه ذلك كالقرآن والآداب في ماله ثم على أبيه ثم
 على أمه.
 تنبيه ذكر السمعاني في زوجة صغيرة ذات أبوين أن وجوب ما مر عليهما فالزوج
 وقضيته وجوب ضربها.
 وبه ولو في الكبيرة صرح جمال الإسلام ابن البزري1 قال شيخنا: وهو ظاهر إن
 لم يخش نشوزا وأطلق الزركشي الندب.
 وأول واجب حتى على الأمر بالصلاة كما قالوا على الآباء ثم على مر من
 تعليمه أي المميز أن نبينا محمدا ص بعث بمكة وولد بها ودفن بالمدينة ومات
 بها. 
"," 
 | فصل في صلاة الجمعة
 تجب جمعة على مكلف ذكر حر متوطن غير معذور وعلى مقيم
  فصل في صلاة الجمعة
 هي فرض عين عند اجتماع شرائطها وفرضت بمكة ولم تقم بها لفقد العدد أو لان
 شعارها الإظهار وكان صلى الله عليه وسلم مستخفيا فيها.
 وأول من أقامها بالمدينة قبل الهجرة أسعد بن زرارة بقرية على ميل من
 المدينة.
 وصلاتها أفضل الصلوات.
 وسميت بذلك: لاجتماع الناس لها أو لان آدم اجتمع فيها مع حواء من مزدلفة
 فلذلك سميت جمعا.
 تجب جمعة على كل مكلف أي بالغ عاقل ذكر حر فلا تلزم على أنثى وخنثى ومن
 به رق إن كوتب لنقصه متوطن بمحل  الجمعة لا يسافر من محل إقامتها صيفا ولا
 شتاء إلا لحاجة كتجارة وزيارة غير معذور بنحو مرض من الأعذار التي مرت في
 الجماعة فلا تلزم على مريض إن لم يحضر بعد الزوال محل إقامتها وتنعقد
 بمعذور.
 وتجب على مقيم بمحل إقامتها غير متوطن كمن أقام بمحل جمعة أربعة أيام
 فأكثر وهو على عزم العود إلى وطنه ولو بعد مدة طويلة.
"
"Menurut Teks A, apakah syarat pertama dari wudu'?","Berdasarkan Teks A, hal mendasar apa yang harus tersedia paling awal agar seseorang bisa berwudu' dengan sah, terutama mengenai air yang dipakai?",Page_V01P040,Page_V01P046," 
 | فصل في شروط الصلاة
 شروط الصلاة خمسة:
 أحدها: طهارة عن حدث وجنابة.
 فالأولى: الوضوء.
 وشروطه كشروط الغسل 1- ماء مطلق
  فصل في شروط الصلاة.
 الشرط ما يتوقف عليه صحة الصلاة وليس منها وقدمت الشروط على الأركان
 لأنها أولى بالتقديم إذ الشرط ما يجب تقديمه على الصلاة واستمراره فيها.
 شروط الصلاة خمسة:
 أحدها: طهارة عن حدث وجنابة الطهارة: لغة النظافة والخلوص من الدنس
 وشرعا: رفع المنع المترتب على الحدث أو النجس.
 فالأولى: أي الطهارة عن الحدث: الوضوء هو بضم الواو استعمال الماء في
 أعضاء مخصوصة مفتتحا بنية.
 وبفتحها: ما يتوضأ به وكان ابتداء وجوبه مع ابتداء وجو ب المكتوبة ليلة
 الإسراء.
 وشروطه أي الوضوء كشروط الغسل خمسة:
 | 1- 
 أحدها: ماء مطلق فلا يرفع الحدث ولا يزيل النجس ولا يحصل
"," وفروضه: 1- نية فرض وضوء عند غسل وجه,
  لصلاة جمعة ويكفي واحد لهما لغيره
 ويجب عليه الوضوء لكل فرض كالتيمم وكذا غسل الفرج وإبدال القطنة التي بفمه
 والعصابة وإن لم تزل عن موضعها.
 وعلى نحو سلس مبادرة بالصلاة فلو أخر لمصلحتها كانتظار جماعة أو جمعة وإن
 أخرت عن أول الوقت وكذهاب إلى مسجد لم يضره.
 وفروضه ستة:
 | 1- 
 أحدها: نية وضوء أو أداء فرض وضوء أو رفع حدث لغير دائم حدث حتى في
 الوضوء المجدد أو الطهارة عنه أو الطهارة لنحو الصلاة مما لا يباح إلا
 بالوضوء أو استباحة مفتقر إلى وضوء كالصلاة ومس المصحف ولا تكفي نية
 استباحة ما يندب له الوضوء كقراءة القرآن أو الحديث وكدخول مسجد وزيارة
 قبر.
 والأصل في وجوب النية خبر: ""إنما الأعمال بالنيات"" [البخاري رقم: 1, مسلم
 رقم: 1907] أي إنما صحتها لإكمالها.
 ويجب قرنها عند أول  غسل جزء من وجه فلو قرنها بأثنائه كفى ووجب إعادة غسل
 ما سبقها.
 ولا يكفي قرنها بما قبله حيث لم يستصحبها إلى غسل شيء منه وما قارنها هو
 أوله فتفوت سنة المضمضة إن انغسل معها شيء من الوجه كحمرة الشفة بعد النية.
"
Hukum air musta'mal yang terkumpul hingga mencapai dua qullah,"Bagaimana status air sisa wudu atau mandi yang tadinya sedikit dan tidak bisa dipakai bersuci lagi, jika kemudian dikumpulkan sampai jumlahnya banyak (misalnya dua qullah)?",Page_V01P041,Page_V01P044," غير مستعمل في رفع حدث ونجس قليلا,
  سائر الطهارة ولو مسنونة إلا الماء
 المطلق وهو ما يقع عليه اسم الماء بلا قيد.
 وإن رشح من بخار الماء الطهور المغلي أو استهلك فيه الخليط أو قيد
 بموافقة الواقع كماء البحر.
 بخلاف ما لا يذكر إلا مقيدا كماء الورد.
 غير مستعمل في فرض طهارة من رفع حدث أصغر أو أكبر ولو من طهر حنفي لم ينو
 أو صبي لم يميز لطواف وإزالة نجس ولو معفوا عنه.
 قليلا أي حال كون المستعمل قليلا أي دون القلتين فإن جمع المستعمل فبلغ
 قلتين فمطهر كما لو جمع المتنجس فبلغ قلتين ولم يتغير وإن  قل بعد بتفريقه.
 فعلم أن الاستعمال لا يثبت إلا مع قلة الماء أي وبعد فصله عن المحل
 المستعمل ولو حكما كأن جاوز منكب المتوضئ أو ركبته وإن عاد لمحله أو انتقل
 من يد لأخرى.
 نعم لا يضر في المحدث انفصال الماء من الكف إلى الساعد ولا في الجنب
 انفصاله من الرأس إلى نحو الصدر مما يغلب فيه التقاذف.
   
"," 2- وجري ماء على عضو 3- وأن لا يكون عليه مغير للماء
 تغيرا
  وينجس قليل الماء وهو ما دون
 القلتين حيث لم يكن واردا بوصول نجس إليه يرى بالبصر المعتدل غير معفو عنه
 في الماء ولو معفوا عنه في الصلاة كغيره من رطب ومائع وإن كثر لا بوصول
 ميتة لا دم لجنسها سائل عند شق عضو منها كعقرب ووزع إلا إن تغير ما أصابته
 ولو يسيرا فحينئذ ينجس لا سرطان وضفدع فينجس بهما خلافا لجمع ولا بميتة كان
 نشؤها من الماء كالعلق ولو طرح فيه ميتة من ذلك نجس وإن كان الطارح غير
 مكلف ولا أثر لطرح الحي مطلقا.
 واختار كثيرون من أئمتنا مذهب مالك: أن الماء لا ينجس مطلقا إلا بالتغير
 والجاري كراكد.
 وفي القديم: لا ينجس قليله بلا تغير وهو مذهب مالك.
 قال في المجموع: سواء كانت النجاسة مائعة أو جامدة.
 والماء القليل إذا تنجس يطهر ببلوغه قلتين ولو بماء متنجس حيث لا تغير به
 والكثير يطهر بزوال تغيره بنفسه أو بماء زيد عليه أو نقص عنه وكان الباقي
 كثيرا.
 | 2- 
 وثانيها: جري ماء على عضو مغسول فلا يكفي أن يمسه الماء بلا جريان لأنه
 لا يسمى غسلا.
 | 3- 
 وثالثها: أن لا يكون عليه أي على العضو مغير للماء تغيرا
"
Hukum wasakh (kotoran) yang berasal dari debu di bawah kuku dan yang berasal dari badan (seperti keringat beku) terhadap sahnya wudu'.,"Apakah kotoran di bawah kuku dapat membatalkan wudu, dan apakah jenis kotoran (misalnya debu atau keringat yang mengering) mempengaruhi hukumnya?",Page_V01P045,Page_V01P067," ضارا 4- وحائل كنورة  5- ودخول وقت لدائم حدث.
  ضارا كزعفران وصندل خلافا لجمع.
 | 4- 
 ورابعها: أن لا يكون على العضو حائل بين الماء والمغسول كنورة وشمع ودهن
 جامد وعين حبر وحناء بخلاف دهن جار أي مائع وإن لم يثبت الماء عليه وأثر
 حبر وحناء.
 وكذا يشترط على ما جزم به كثيرون أن لا يكون وسخ تحت ظفر يمنع وصول الماء
 لما تحته خلافا لجمع منهم الغزالي والزركشي وغيرهما وأطالوا في ترجيحه
 وصرحوا بالمسامحة عما تحتها من الوسخ دون نحو العجين وأشار الأذرعي وغيره
 إلى ضعف مقالتهم وقد صرح في التتمة وغيرها بما في الروضة وغيرها من عدم
 المسامحة بشيء مما تحتها حيث منع وصول الماء بمحله وأفتى البغوي في وسخ
 حصل من غبار بأنه يمنع صحة الوضوء بخلاف ما نشأ من بدنه وهو العرق المتجمد
 وجزم به في الأنوار.
 | 5- 
 وخامسها: دخول وقت لدائم حدث كسلس ومستحاضة.
 ويشترط له أيضا ظن دخوله فلا يتوضأ كالمتيمم لفرض أو نفل مؤقت قبل وقت
 فعله ولصلاة جنازة قبل الغسل وتحية قبل دخول المسجد وللرواتب المتأخرة قبل
 فعل الفرض ولزم وضوءان أو تيممان1 على خطيب دائم الحدث أحدهما: للخطبتين
 والآخر بعدهما 
"," 2- وتعميم بدن حتى الشعر وباطن جدري وما تحت قلفة
 بماء طهور ويكفي ظن عمومه.
 وسن:
  من البدن ولو من أسفله فلو نوى بعد
 غسل جزء وجب إعادة غسله ولو نوى رفع الجنابة وغسل بعض البدن ثم نام فاستيقظ
 وأراد غسل الباقي لم يحتج إلى إعادة النية.
 | 2- 
 وثانيهما: تعميم ظاهر بدن حتى الأظفار وما تحتها والشعر ظاهرا وباطنا وإن
 كثف وما ظهر من نحو منبت شعرة  زالت قبل غسلها وصماخ وفرج امرأة عند جلوسها
 على قدميها وشقوق وباطن جدري انفتح رأسه لا باطن قرحة برئت وارتفع قشرها
 ولم يظهر شيء مما تحته.
 ويحرم فتق الملتحم وما تحت قلفة من الأقلف فيجب غسل باطنها لأنها مستحقة
 الإزالة لا باطن شعر انعقد بنفسه وإن كثر.
 ولا يجب مضمضة واستنشاق بل يكره تركهما.
 بماء طهور ومر أنه يضر تغير الماء تغيرا ضارا ولو بما على العضو خلافا
 لجمع.
 ويكفي ظن عمومه أي الماء على البشرة والشعر وإن لم يتيقنه فلا يجب تيقن
 عمومه بل يكفي غلبة الظن به فيه كالوضوء وسن للغسل الواجب والمندوب:
"
"Hukum preferensi memisah niat sunnah wudhu (seperti mencuci telapak tangan, berkumur, dan istinsyak) dari niat fardhu wudhu (mencuci wajah) dan tujuan fiqihnya.","Dalam berwudhu, apakah dianjurkan untuk niat terpisah antara gerakan sunnah seperti berkumur dan bagian wajib seperti membasuh wajah, dan apa manfaatnya?",Page_V01P047,Page_V01P048," 2- وغسل وجهه وهو ما بين منابت رأسه ومنتهى لحييه وما
 بين أذنيه,
  فالأولى أن يفرق النية بأن ينوي
 عند كل من غسل الكفين والمضمضة والاستنشاق سنة الوضوء ثم فرض الوضوء عند
 غسل الوجه حتى لا تفوت فضيلة استصحاب النية من أوله وفضيلة المضمضة
 والاستنشاق مع انغسال حمرة الشفة.
 | 2- 
 وثانيها: غسل ظاهر وجهه لآية: {فاغسلوا وجوهكم} [5 سورة المائدة: 6] وهو
 طولا ما بين منابت شعر رأسه غالبا وتحت منتهى لحييه بفتح اللام فهو من
 الوجه دون ما تحته والشعر النابت على ما تحته وعرضا ما بين أذنيه.
 ويجب غسل شعر الوجه من هدب وحاجب وشارب وعنفقة ولحية وهي ما نبت على
 الذقن وهو مجتمع اللحيين وعذار هو ما نبت على العظم المحاذي للأذن وعارض
 وهو ما انحط عنه إلى اللحية.
 ومن الوجه حمرة الشفتين وموضع الغمم وهو ما نبت عليه الشعر من الجبهة دون
 محل التحذيف على الأصح وهو ما نبت عليه الشعر الخفيف بين ابتداء العذار
 والنزعة ودون وتد الأذن والنزعتين وهما بياضان يكتنفان الناصية وموضع الصلع
 وهو ما بينهما إذا انحسر عنه الشعر.
"," 3- وغسل يديه بكل مرفق 4- ومسح بعض رأسه,
  ويسن غسل كل ما قيل إنه ليس من
 الوجه1.
 ويجب غسل ظاهر وباطن كل من الشعور السابقة وإن كثف لندرة الكثافة فيها لا
 باطن كثيف لحية وعارض.
 والكثيف ما لم تر البشرة من خلاله في مجلس التخاطب عرفا ويجب غسل ما لا
 يتحقق غسل جميعه إلا بغسله لان ما لا يتم الواجب إلا به واجب.
 | 3- 
 وثالثها: غسل يديه من كفيه وذراعيه بكل مرفق للآية [5 سورة المائدة:
 الآية 6] ويجب غسل جميع ما في محل الفرض من شعر وظفر وإن طال.
 فرع لو نسي لمعة فانغسلت في تثليث أو إعادة  وضوء لنسيان له لا تجديد
 واحتياط أجزأه.
 | 4- 
 ورابعها: مسح بعض رأسه كالنزعة والبياض الذي وراء الأذن بشر أو شعر في
 حده ولو بعض شعرة واحدة للآية [5 سورة المائدة: الآية: 6] . 
"
Kapan bagian dalam lepuhan (nafṭ) yang pecah pada kaki wajib dibasuh saat berwudu?,"Ketika seseorang berwudu, apakah bagian dalam dari gelembung air atau lepuhan di kakinya harus dicuci jika gelembung tersebut pecah?",Page_V01P049,Page_V01P203," 5- وغسل رجليه بكل كعب,
  قال البغوي: ينبغي أن لا يجزئ أقل
 من قدر الناصية وهي ما بين النزعتين لأنه ص لم يمسح أقل منها وهو رواية عن
 أبي حنيفة رحمه الله تعالى والمشهور عنه وجوب مسح الربع.
 | 5- 
 وخامسها: غسل رجليه بكل كعب من كل رجل للآية [5 سورة المائدة: الآية: 6]
 أو مسح خفيهما بشروطه ويجب غسل باطن ثقب وشق.
 فرع لو دخلت شوكة في رجله وظهر بعضها وجب قلعها وغسل محلها لأنه صار في
 حكم الطاهر فإن استترت كلها صارت في حكم الباطن فيصح وضوؤه ولو تنفط في رجل
 أو غيره لم يجب غسل باطنه ما لم يتشقق فإن تشقق وجب غسل باطنه ما لم يرتتق.
 تنبيه: ذكروا في الغسل أنه يعفى عن باطن عقد الشعر أي إذا انعقد بنفسه
 وألحق بها من ابتلي بنحو طبوع1 لصق بأصول شعره حتى منع وصول الماء إليها
 ولم يمكن إزالته. وقد صرح شيخ شيوخنا زكريا الأنصاري
 بأنه لا يلحق بها بل عليه التيمم لكن قال تلميذه شيخنا: والذي يتجه العفو
 للضرورة. 
"," وولاء بينهما وسن لمريدها غسل بعد فجر
  وولاء بينهما وبين أركانهما
 وبينهما وبين الصلاة بأن لا يفصل طويلا عرفا.
 وسيأتي أن اختلال الموالاة بين المجموعتين بفعل ركعتين بل بأقل مجزئ فلا
 يبعد الضبط بهذا هنا ويكون بيانا للعرف.
 وسن لمريدها أي الجمعة وإن لم تلزمه.
 غسل بتعميم البدن والرأس بالماء فإن عجز سن تيمم بنية الغسل.
 بعد طلوع فجر وينبغي لصائم خشي منه مفطرا تركه وكذا سائر الاغتسال
 المسنونة.
 وقربه من ذهابه إليها أفضل.
 ولو تعارض الغسل والتبكير فمراعاة الغسل أولى للخلاف في وجوبه ومن ثم كره
 تركه.
 ومن الأغسال المسنونة: غسل العيدين والكسوفين والاستسقاء وأغسال الحج
 وغسل غاسل الميت والغسل للاعتكاف ولكل ليلة من رمضان ولحجامة ولتغير الجسد
 وغسل الكافر إذا أسلم للأمر به ولم يجب لان كثيرين أسلموا ولم يؤمروا به
 وهذا إذا لم  يعرض له في الكفر ما يوجب الغسل من جنابة أو نحوها وإلا وجب
 الغسل وإن اغتسل في الكفر لبطلان نيته وآكدها غسل الجمعة ثم من غسل الميت.
"
"Hukum syara' mengenai syarat tertib dalam bersuci melalui menyelam (innghimas), dan perbedaannya antara niat wudhu yang tidak mewajibkan tertib dengan niat mandi wajib yang mewajibkan tertib secara hakiki.","Bagaimana aturan urutan membersihkan anggota tubuh ketika bersuci dengan cara menyelam ke dalam air, apakah ada perbedaan jika niatnya untuk wudhu atau untuk mandi wajib?",Page_V01P050,Page_V01P055," وترتيب.
  6- وسادسها: ترتيب كما ذكر من
 تقديم غسل الوجه فاليدين فالرأس فالرجلين للاتباع ولو انغمس محدث ولو في
 ماء قليل بنية معتبرة مما مر أجزأه عن الوضوء ولو لم يمكث في الانغماس زمنا
 يمكن فيه الترتيب نعم لو اغتسل بنيته فيشترط فيه الترتيب حقيقة ولا يضر
 نسيان لمعة أو لمع في غير أعضاء الوضوء بل لو كان على ما عدا أعضائه مانع
 كشمع لم يضر كما استظهره شيخنا ولو أحدث وأجنب أجزأه الغسل عنهما بنيته ولا
 يجب تيقن عموم الماء جميع العضو بل يكفي غلبة الظن به.
 فرع لو شك المتوضئ أو المغتسل في تطهير عضو قبل الفراغ من وضوئه أو غسله
 طهره وكذا ما بعده في الوضوء أو بعد الفراغ من طهره لم  يؤثر ولو كان الشك
 في النية لم يؤثر أيضا على الأوجه كما في شرح
 المنهاج لشيخنا وقال: فيه قياس ما يأتي في الشك بعد الفاتحة وقبل الركوع:
 أنه لو شك بعد عضو في أصل غسله لزمه إعادته أو بعضه لم تلزمه فليحمل كلامهم
 الأول على الشك في أصل العضو لا بعضه1. 
"," وإطالة تحجيل بأن يغسل مع اليدين بعض العضدين ومع
 وتثليث كل,
  الرجلين بعض الساقين وغايته
 استيعاب العضد والساق وذلك لخبر الشيخين [البخاري رقم: 136, ومسلم رقم 246]
 : ""إن أمتي يدعون يوم القيامة غرا محجلين من آثار الوضوء فمن استطاع منكم
 أن يطيل غرته فليفعل زاد مسلم: وتحجيله: أي يدعون بيض الوجوه والأيدي
 والأرجل ويحصل أقل الإطالة بغسل أدنى زيادة على الواجب وكمالها باستيعاب ما
 مر.
 وتثليث كل من مغسول وممسوح ودلك وتخليل وسواك وبسملة وذكر عقبه للاتباع
 في أكثر ذلك.
 ويحصل التثليث بغمس اليد مثلا ولو في ماء قليل إذا حركها مرتين ولو ردد
 ماء الغسلة الثانية حصل له أصل سنة التثليث كما استظهره شيخنا.
 ولا يجزئ تثليث عضو قبل إتمام واجب غسله ولا بعد تمام الوضوء ويكره النقص
 عن الثلاث كالزيادة عليها أي بنية الوضوء كما بحثه جمع وتحرم من ماء موقوف
 على التطهر.
 فرع يأخذ الشاك أثناء الوضوء في استيعاب أو عدد باليقين وجوبا في الواجب
 وندبا في المندوب ولو في الماء الموقوف أما الشك بعد الفراغ فلا يؤثر.
"
Lafaz tasmiyah sunnah bagi yang lupa tasmiyah di awal suatu perbuatan dan mengingatnya di tengah pelaksanaannya?,"Jika seseorang lupa mengucapkan basmalah di awal berwudu atau makan, apa yang sebaiknya ia ucapkan ketika teringat di tengah-tengah kegiatan tersebut, dan apakah boleh diucapkan setelah selesai?",Page_V01P051,Page_V01P304," وسن تسمية أوله فغسل الكفين فسواك
  وسن للمتوضئ ولو بماء مغصوب على
 الأوجه تسمية أوله أي أول الوضوء للاتباع وأقلها باسم الله وأكملها بسم
 الله الرحمن الرحيم [الأذكار للنووي الأرقام: 153- 156] وتجب عند أحمد ويسن
 قبلها التعوذ وبعدها الشهادتان [الأذكار للنووي الأرقام: 157- 164] والحمد
 لله الذي جعل الماء طهورا.
 [الأذكار للنووي رقم: 167] ويسن لمن تركها أوله أن يأتي بها أثناءه
 قائلا: باسم الله أوله وآخره لا بعد فراغه وكذا في نحو الأكل والشرب
 والتأليف والاكتحال مما يسن له التسمية والمنقول عن الشافعي وكثير من
 الأصحاب أن أول السنن التسمية وبه جزم النووي في المجموع وغيره فينوي معها
 عند غسل اليدين وقال جمع متقدمون: إن أولها السواك ثم بعده التسمية.
 فرع: تسن التسمية لتلاوة القرآن ولو من أثناء سورة في صلاة أو خارجها
 ولغسل وتيمم وذبح.
 فغسل الكفين معا إلى الكوعين مع التسمية المقترنة بالنية وإن توضأ من نحو
 إبريق أو علم طهرهما للإتباع. فسواك عرضا في الأسنان ظاهرا وباطنا وطولا في
 اللسان للخبر الصحيح: [رواه البخاري تعليقا في 30- كتاب الصوم باب السواك
 الرطب واليابس
"," 000000000000000000000000000000000
  لمريدها إزالة نحو شعر في عشر ذي
 الحجة وأيام التشريق حتى يضحي.
 ويندب لمن تلزمه نفقة فرعه: أن يعق عنه من وضع إلى بلوغ وهي كضحية ولا
 يكسر عظم والتصدق بمطبوخ يبعثه إلى الفقراء: أحب من ندائهم إليها ومن
 التصدق نيئا وأن يذبح سابع ولادته ويسمى فيه وإن مات قبله بل يسن تسمية سقط
 بلغ زمن نفخ الروح.
 وأفضل الأسماء: عبد الله وعبد الرحمن ولا يكره اسم نبي أو ملك بل جاء في
 التسمية بمحمد فضائل علية.
 ويحرم التسمية بملك الملوك وقاضي القضاة وحاكم الحكام.
 وكذا عبد النبي وجار الله والتكني بأبي القاسم.
 وسن أن يحلق رأسه ولو أنثى في السابع ويتصدق بزنته ذهبا أو فضة وأن يؤذن
 ويقرأ سورة الإخلاص وآية: {وإني أعيذها بك وذريتها من الشيطان الرجيم} [3
 سورة آل عمران الآية: 36] بتأنيث الضمير ولو في الذكر في أذنه اليمنى ويقام
 في اليسرى عقب الوضع وأن يحنكه رجل فامرأة من أهل الخير بتمر فحلو لم تمسه
 النار حين يولد ويقرأ عندها وهي تطلق آية الكرسي [2 سورة البقرة الآية:
 255] و {إن ربكم الله} [7 سورة الأعراف الآية: 54] الآية والمعوذتان
 والإكثار من دعاء الكرب [راجع الأذكار للنووي, الأرقام: 663- 672] .
 قال شيخنا: أما قراءة سورة الأنعام إلى: {رطب ولا يابس إلا في كتاب مبين}
 [6 سورة الأنعام الآيات: 1- 59] يوم يعق عن المولود فمن
"
"Hukum bersiwak dengan jari meskipun kasar, menurut pendapat yang menyalahi pilihan Imam Nawawi.","Menurut pandangan yang berbeda dengan Imam Nawawi, apakah diperbolehkan bersiwak menggunakan jari tangan, bahkan jika jari tersebut kasar?",Page_V01P052,Page_V01P169," بكل خشن لكل صلاة,
  للصائم] : لولا أن أشق على أمتي
 لأمرتهم بالسواك عند كل وضوء. أي أمر إيجاب.
 ويحصل بكل خشن ولو بنحو خرقة أو أشنان والعود أفضل من غيره وأولاه ذو
 الريح الطيب وأفضله الأراك
 لا بأصبعه ولو خشنة خلافا لما اختاره النووي.
 وإنما يتأكد السواك ولو لمن لا أسنان له لكل وضوء ولكل صلاة فرضها ونفلها
 وإن سلم من كل ركعتين أو استاك لوضوئها وإن لم يفصل بينهما فاصل حيث لم يخش
 تنجس فمه وذلك لخبر الحميدي بإسناد جيد: ركعتان بسواك أفضل من سبعين ركعة 
 بلا سواك. [أخرجه البزار والبيهقي راجع كنز العمال رقم: 26180] .
 ولو تركه أولها تداركه أثناءها بفعل قليل كالتعمم.
 ويتأكد أيضا لتلاوة قرآن أو حديث أو علم شرعي أو تغير فم ريحا أو لونا
 بنحو نوم أو أكل كريه أو سن بنحو صفرة أو استيقاظ من نوم وإرادته ودخول
 مسجد ومنزل وفي السحر وعند الاحتضار كما دل عليه خبر الصحيحين. [راجع الباب
 رقم: 215من رياض الصالحين] ويقال: إنه يسهل خروج الروح وأخذ بعضهم من ذلك
 تأكده للمريض.
 وينبغي أن ينوي بالسواك السنة ليثاب عليه ويبلع ريقه أول استياكه وأن لا
 يمصه ويندب التخليل قبل السواك أو بعده من أثر
"," 0000000000000000000000000000000000
  وأن يكثر فيه من الدعاء
 والاستغفار.
 ونصفه الأخير آكد وأفضله عند السحر لقوله تعالى: {وبالأسحار هم يستغفرون}
 [51 سورة الذاريات الآية: 18] وأن يوقظ من يطمع في تهجده.
 ويندب قضاء نفل مؤقت إذا فات كالعيد والرواتب والضحى لا ذي سبب ككسوف
 وتحية وسنة
 وضوء.
 ومن فاته ورده أي من النفل المطلق ندب له قضاؤه وكذا غير الصلاة.
 ولا حصر للنفل المطلق وله أن يقتصر على ركعة بتشهد مع سلام بلا كراهة فإن
 نوى فوق ركعة فله التشهد في كل ركعتين وفي ثلاث وأربع فأكثر أو نوى قدرا
 فله زيادة ونقص إن نويا قبلهما وإلا بطلت صلاته فلو نوى ركعتين فقام إلى
 ثالثة سهوا ثم تذكر فيقعد وجوبا ثم يقوم للزيادة إن شاء ثم يسجد للسهو آخر
 صلاته وإن لم يشأ قعد وتشهد وسجد للسهو وسلم.
 ويسن للمتنفل ليلا أو نهارا أن يسلم من كل ركعتين للخبر المتفق عليه
 [البخاري رقم: 990, مسلم رقم: 749] ""صلاة الليل مثنى مثنى"".
 وفي رواية صحيحة [الترمذي رقم: 597, ابن ماجه رقم: 1322] : والنهار.
 قال في المجموع: إطالة القيام أفضل من تكثير الركعات.
 وقال فيه أيضا: أفضل النفل عيد أكبر فأصغر فكسوف.
"
Detail kaifiyah مسح الرأس meliputi pengembalian tangan bagi pemilik شعر ينقلب dan penyempurnaan مسح atas عمامة/قلنسوة.,"Bagaimana tahapan lengkap mengusap kepala saat berwudhu, terutama jika rambut seseorang bisa dibalik ke belakang atau jika ia memakai sorban/peci?",Page_V01P053,Page_V01P274," فمضمضة فاستنشاق وجمعهما بثلاث غرف ومسح كل رأس
 والأذنين,
  الطعام والسواك أفضل منه خلافا لمن
 عكس.
 ولا يكره بسواك غيره1 أذن أو علم رضاه وإلا حرم كأخذه من ملك الغير ما لم
 تجر عادة بالإعراض عنه.
 ويكره للصائم بعد الزوال إن لم يتغير فمه بنحو نوم.
 فمضمضة فاستنشاق للاتباع وأقلهما إيصال الماء إلى الفم والأنف ولا يشترط
 في حصول أصل السنة إدارته في الفم ومجه منه ونثره من الأنف بل تسن
 كالمبالغة فيهما لمفطر للأمر بها.
 ويسن جمعهما بثلاث غرف يتمضمض ثم يستنشق من كل منها.
 ومسح كل رأس للاتباع وخروجا من خلاف مالك وأحمد فإن اقتصر على البعض
 فالأولى أن يكون هو الناصية والأولى في كيفيته أن يضع يديه على مقدم رأسه
 ملصقا مسبحته بالأخرى وإبهاميه على صدغيه ثم يذهب بهما مع بقية أصابعه غير
 الإبهامين لقفاه ثم يردهما إلى المبدأ إن كان له شعر ينقلب وإلا فليقتصر
 على الذهاب وإن كان على رأسه عمامة أو قلنسوة تمم عليها بعد مسح الناصية
 للاتباع.
 ومسح كل الأذنين ظاهرا وباطنا وصماخيه للاتباع. 
"," وغسل عن نحو جنابة قبل فجر وكف شهوة,
  الحلو أفضل من الماء ضعيف كقول
 الأذرعي: الزبيب أخو التمر وإنما ذكره لتيسره غالبا بالمدينة.
 ويسن أن يقول عقب الفطر: اللهم لك صمت وعلى رزقك أفطرت [أبو داود رقم:
 2358] ويزيد من أفطر بالماء: ذهب الظمأ وابتلت العروق وثبت الأجر إن شاء
 الله تعالى. [أبو داود رقم: 2357] .
 وسن غسل عن نحو جنابة قبل فجر لئلا يصل الماء إلى باطن نحو أذنه أو دبره.
 قال شيخنا: وقضيته أن وصوله لذلك مفطر وليس عمومه مرادا كما هو ظاهر أخذا
 مما مر: إن سبق ماء نحو المضمضة المشروع أو غسل الفم المتنجس: لا يفطر
 لعذره فليحمل هذا على مبالغة منهي عنها.
 وسن كف نفس عن طعام فيه شبهة وشهوة مباحة من مسموع ومبصر ومس طيب وشمه
 ولو تعارضت كراهة مس الطيب للصائم ورد الطيب: فاجتناب المس أولى لان كراهته
 تؤدي إلى نقصان العبادة.
 قال في الحلية: الأولى للصائم ترك  الاكتحال.
 ويكره سواك بعد الزوال وقت غروب وإن نام أو أكل كريها ناسيا.
 وقال جمع: لم يكره بل يسن إن تغير الفم بنحو نوم.
 ومما يتأكد للصائم: كف اللسان عن كل محرم ككذب وغيبة
"
Hukum dan status hadits pengusapan leher (masah al-raqabah) dalam wudu.,"Apakah mengusap leher termasuk bagian yang dianjurkan dalam wudu, dan bagaimana keabsahan riwayat tentangnya?",Page_V01P054,Page_V01P056," ودلك أعضاء وتخليل لحية كثة وأصابع وإطالة الغرة
 وتحجيل,
  ولا يسن مسح الرقبة إذ لم يثبت فيه
 شيء قال النووي: بل هو بدعة وحديثه موضوع1.
 ودلك أعضاء وهو إمرار اليد عليها عقب ملاقاتها للماء خروجا من خلاف من
 أوجبه.
 وتخليل لحية كثة  والأفضل كونه بأصابع يمناه ومن أسفل مع تفريقها وبغرفة
 مستقلة للاتباع ويكره تركه.
 وتخليل أصابع اليدين بالتشبيك والرجلين بأي كيفية كانت والأفضل أن يخللها
 من أسفل بخنصر يده اليسرى مبتدئا بخنصر الرجل اليمنى ومختتما بخنصر اليسرى.
 [أي يكون بخنصر يسرى يديه ومن أسفل مبتدئا بخنصر يمنى رجليه مختتما بخنصر
 يسراهما] 2.
 وإطالة الغرة بأن يغسل مع الوجه مقدم رأسه وأذنيه وصفحتي عنقه.
"," وتيامن وولاء وتعهد موق,
  وتيامن أي تقديم يمين على يسار في
 اليدين والرجلين ولنحو أقطع في جميع أعضاء وضوئه وذلك لأنه صلى الله عليه
 وسلم كان يحب التيمن في تطهره وشأنه كله أي مما هو من باب التكريم كاكتحال
 ولبس نحو قميص ونعل وتقليم ظفر وحلق نحو رأس وأخذ وعطاء وسواك وتخليل ويكره
 تركه.
 ويسن التياسر في ضده وهو ما كان من باب الإهانة والأذى كاستنجاء وامتخاط
 وخلع لباس ونعل.
 ويسن البداءة بغسل أعلى وجهه وأطراف يديه ورجليه وإن صب  عليه غيره وأخذ
 الماء إلى الوجه بكفيه معا ووضع ما يغترف منه عن يمينه وما يصب منه عن
 يساره.
 وولاء بين أفعال وضوء السليم بأن يشرع في تطهير كل عضو قبل جفاف ما قبله
 وذلك للاتباع وخروجا من خلاف من أوجبه ويجب لسلس.
 وتعهد عقب وموق وهو طرف العين الذي يلي الأنف ولحاظ وهو الطرف الآخر
 بسبابتي شقيهما1.
 ومحل ندب تعهدهما إذا لم يكن فيهما رمص يمنع وصول الماء إلى محله وإلا
 فتعهدهما واجب كما في
 المجموع. 
"
Hukum ghusl baathini al-'ayn saat wudhu?,Apakah mata bagian dalam perlu dicuci saat berwudhu?,Page_V01P057,Page_V01P227," واستقبال وترك تكلم وتنشيف والشهادتان عقبه,
  ولا يسن غسل باطن العين بل قال
 بعضهم: يكره للضرر وإنما يغسل إذا تنجس لغلظ أمر النجاسة.
 واستقبال القبلة في كل وضوئه.
 وترك تكلم في أثناء وضوئه بلا حاجة بغير ذكر ولا يكره سلام عليه ولا منه
 ولا رده.
 وترك تنشيف بلا عذر للاتباع.
 والشهادتان عقبه أي الوضوء بحيث لا يطول فاصل عنه عرفا فيقول مستقبلا
 للقبلة رافعا يديه وبصره إلى السماء ولو أعمى: أشهد أن لا إله إلا الله
 وحده لا شريك له وأشهد أن محمدا عبده ورسوله.
 لما روى مسلم [رقم: 234] عن رسول الله ص: من توضأ فقال أشهد أن لا إله
 إلا الله الخ فتحت له أبواب الجنة الثمانية يدخل من أيها شاء زاد الترمذي
 [رقم: 55] : اللهم اجعلني من التوابين واجعلني من المتطهرين وروى الحاكم
 [1/564] وصححه: من توضأ ثم قال: سبحانك اللهم وبحمدك أشهد أن لا إله إلا
 أنت أستغفرك وأتوب إليك كتب في رق ثم طبع بطابع فلم يكسر إلى يوم القيامة
 أي لم يتطرق إليه إبطال كما صح حتى يرى ثوابه العظيم.
 ثم يصلي ويسلم على سيدنا محمد وآل سيدنا محمد ويقرأ {إنا أنزلناه} [97
 سورة القدر] ثلاثا كذلك بلا رفع يد.
 وأما دعاء الأعضاء المشهور فلا أصل له يعتد به فلذلك حذفته تبعا
"," وكفن شهيد في ثيابه لا حرير ويندب
  ولا من وقع بين كفار فهرب منهم
 فقتلوه لان ذلك ليس بقتال كما أفتى به شيخنا ابن زياد رحمه الله تعالى.
 ولا من قتله اغتيالا حربي دخل بيننا نعم إن قتله عن مقاتلة كان شهيدا كما
 نقله السيد السمهودي عن الخادم.
 وكفن ندبا شهيد في ثيابه التي مات فيها والملطخة بالدم أولى للاتباع ولو
 لم تكفه بأن لم تستر كل بدنه تممت وجوبا.
 لا في حرير لبسه لضرورة الحرب فينزع وجوبا.
 ويندب أن يلقن محتضر ولو مميزا على الأوجه الشهادة: أي لا إله إلا الله
 فقط لخبر مسلم [رقم: 916] ""لقنوا موتاكم"" أي من حضره الموت لا إله إلا الله
 مع الخبر الصحيح [أبو داود رقم: 3116, مستدرك الحاكم 1/351] : من كان آخر
 كلامه لا إله إلا الله دخل الجنة أي مع الفائزين وإلا فكل مسلم ولو فاسقا
 يدخلها ولو بعد عذاب وإن طال.
 وقول جمع: يلقن محمد رسول الله أيضا لان القصد موته على الإسلام ولا يسمى
 مسلما إلا بهما مردود بأنه مسلم وإنما القصد ختم كلامه بلا إله إلا الله
 ليحصل له ذلك الثواب وبحث تلقينه الرفيق الأعلى لأنه آخر ما تكلم به رسول
 الله صلى الله عليه وسلم مردود بأن ذلك لسبب لم يوجد في غيره وهو أن الله
 خيره فاختاره.
 وأما الكافر فيلقنهما قطعا مع لفظ أشهد لوجوبه أيضا على
"
Hukum dan khasiat penyembuhan dari meminum sisa air wudu.,Apakah disunahkan meminum sisa air wudu dan disebutkan memiliki khasiat penyembuhan dari segala penyakit?,Page_V01P058,Page_V01P165," وشربه من فضل وضوئه,
  لشيخ المذهب النووي رضي الله عنه.
 وقيل: يستحب أن يقول عند كل عضو: أشهد أن لا إله إلا الله وحده لا شريك
 له وأشهد أن  محمدا عبده ورسوله لخبر رواه المستغفري [الأذكار للنووي رقم:
 157 وكذلك ما قاله ابن حجر العسقلاني تعليقا عليه] وقال: حسن غريب.
 وشربه من فضل وضوئه لخبر: إن فيه شفاء من كل داء [راجع الترمذي رقم: 48
 النسائي رقم: 95, 96 مسند أحمد رقم: 946, 1049, 1177, 1347, 1383, وهي في
 الشرب من فضل الوضوء] .
 ويسن رش إزاره به أي إن توهم حصول مقذر له كما استظهره شيخنا وعليه يحمل
 رشه ص لإزاره به.
 وركعتان بعد الوضوء أي بحيث تنسبان إليه عرفا فتفوتان بطول الفصل عرفا
 على الأوجه وعند بعضهم بالإعراض وبعضهم بجفاف الأعضاء وقيل: بالحدث.
 ويقرأ ندبا في أولى ركعتيه بعد الفاتحة: {ولو أنهم إذ ظلموا أنفسهم جاءوك
 فاستغفروا الله واستغفر لهم الرسول لوجدوا الله توابا رحيما} [4 سورة
 النساء الآية: 64] وفي الثانية: {ومن يعمل سوءا أو يظلم نفسه ثم يستغفر
 الله يجد الله غفورا رحيما} [4 سورة النساء الآية: 110] .
"," واستخارة
  ويسن لمن لم يتمكن منها ولو بحدث
 أن يقول: سبحان الله والحمد لله ولا إله إلا الله والله أكبر ولا حول ولا
 قوة إلا بالله العلي العظيم أربعا.
 وتكره لخطيب دخل وقت الخطبة ولمريد طواف دخل المسجد لا لمدرس خلافا
 لبعضهم.
 وركعتا استخارة وإحرام وطواف ووضوء وتتأدى ركعتا التحية وما بعدها
 بركعتين فأكثر من فرض أو نفل آخر وإن لم ينوها معه أي يسقط طلبها بذلك أما
 حصول ثوابها  فالوجه توقفه على النية لخبر: ""إنما الأعمال بالنيات"" [البخاري
 رقم: 1, مسلم رقم: 1907] . كما قاله جمع متأخرون واعتمده شيخنا.
 لكن ظاهر كلام الأصحاب حصول ثوابها وإن لم ينوها معه وهو مقتضى كلام
 المجموع.
 ويقرأ ندبا في أولى ركعتي الوضوء بعد الفاتحة: {ولو أنهم إذ ظلموا أنفسهم
 جاءوك فاستغفروا الله واستغفر لهم الرسول لوجدوا الله توابا رحيما} [4 سورة
 النساء الآية: 64] والثانية: {ومن يعمل سوءا أو يظلم نفسه ثم يستغفر الله
 يجد الله غفورا رحيما} [4 سورة النساء الآية: 110] .
 ومنه صلاة الأوابين وهي عشرون ركعة بين المغرب والعشاء ورويت ستا وأربعا
 وركعتين وهما الأقل.
"
Hukum penggunaan kelebihan air untuk sunah taharah apabila kelebihan tersebut diperlukan untuk dahaga yang muhtaram.,"Jika air yang tersedia terbatas, apakah boleh menggunakan bagian air yang tidak wajib untuk bersuci (misalnya untuk sunah wudhu) apabila air tersebut dibutuhkan untuk minum karena haus yang sangat?",Page_V01P059,Page_V01P124," وليقتصر حتما على واجب لضيق وقت أو قلة ماء وندبا
 لإدراك جماعة.
  فائدة يحرم التطهر بالمسبل للشرب
 وكذا بماء جهل حاله على الأوجه وكذا حمل شيء من المسبل إلى غير محله.
 وليقتصر أي المتوضئ حتما أي وجوبا على غسل أو مسح واجب أي فلا يجوز تثليث
 ولا إتيان سائر السنن لضيق وقت عن إدراك الصلاة كلها فيه كما صرح به البغوي
 وغيره وتبعه المتأخرون لكن أفتى في فوات الصلاة لو أكمل سننها بأن يأتيها
 ولو لم يدرك ركعة وقد يفرق بأنه ثم اشتغل بالمقصود فكان كما لو مد في
 القراءة.
 أو قلة ماء بحيث لا يكفي إلا الفرض فلو كان معه ماء لا يكفيه لتتمة طهره
 إن ثلث أو أتى السنن أو احتاج إلى الفاضل لعطش محترم حرم استعماله في شيء
 من السنن وكذا يقال في الغسل.
 وندبا على الواجب بترك السنن لإدراك جماعة لم يرج غيرها.
 نعم ما قيل بوجوبه كالدلك ينبغي تقديمه عليها نظير ما مر من ندب تقديم
 الفائت بعذر على الحاضرة وإن فاتت الجماعة.
 تتمة [في بيان أسباب التيمم وكيفيته] يتيمم عن الحدثين لفقد ماء أو خوف 
 محذور من استعماله بتراب طهور له غبار.
"," ولو سها غير مأموم بترك ركن أو شك أتى به إن كان قبل
 فعل مثله وإلا أجزأه وتدارك.
  السنن كالسورة بعد الفاتحة والدعاء
 بعد التشهد والصلاة شرط للاعتداد بسنيتها.
 ولو سها غير مأموم في الترتيب بترك ركن كأن سجد قبل الركوع أو ركع قبل
 الفاتحة لغا ما فعله حتى يأتي بالمتروك فإن تذكر قبل بلوغ مثله أتى به وإلا
 فسيأتي بيانه.
 أو شك هو أي غير المأموم في ركن هل فعل أم لا كأن شك راكعا هل قرأ
 الفاتحة أو ساجدا هل ركع أو اعتدل أتى به فورا وجوبا إن كان الشك قبل فعله
 مثله أي مثل المشكوك فيه من ركعة أخرى وإلا أي وإن لم يتذكر حتى فعل مثله
 في ركعة أخرى أجزأه عن متروكة ولغا ما بينهما.
 هذا كله إن علم عين المتروك ومحله فإن جهل عينه وجوز أنه النية أو تكبيرة
 الإحرام بطلت صلاته.
 ولم يشترط هنا طول فصل ولا مضي ركن.
 أو أنه السلام يسلم وإن طال الفصل على الأوجه.
 أو أنه غيرهما أخذ بالأسوأ وبنى على ما فعله وتدارك الباقي من صلاته.
 نعم إن لم يكن المثل من الصلاة كسجود تلاوة لم يجزئه.
"
Fatwa Allamah Al-Kamal Ar-Raddad terkait status pembatalan wudu oleh keluarnya wasir itu sendiri versus apa yang keluar darinya.,"Menurut fatwa Allamah Al-Kamal Ar-Raddad, apakah keluarnya wasir itu sendiri membatalkan wudu, atau hanya yang keluar darinya seperti darah?",Page_V01P060,Page_V01P065," ونواقضه: 1- خروج شيء من أحد سبيلي الحي ولو باسورا,
 2- وزوال عقل,
  وأركانه: نية استباحة الصلاة
 المفروضة مقرونة بنقل التراب ومسح وجهه ثم يديه.
 ولو تيقن ماء آخر الوقت فانتظاره أفضل وإلا فتعجيل تيمم.
 وإذا امتنع استعماله في عضو وجب تيمم وغسل صحيح ومسح كل الساتر الضار
 نزعه بماء.
 ولا ترتيب بينهما لجنب أو عضوين فتيممان ولا يصلي به إلا فرضا واحدا ولو
 نذرا. وصح جنائز مع فرض.
 ونواقضه أي أسباب نواقض الوضوء أربعة:
 | 1- 
 أحدها: تيقن خروج شيء غير منيه عينا كان أو ريحا رطبا أو جافا معتادا
 كبول أو نادرا كدم باسور أو غيره انفصل أو لا كدودة أخرجت رأسها ثم رجعت من
 أحد سبيلي المتوضئ الحي دبرا كان أو قبلا.
 ولو كان الخارج باسورا نابتا داخل الدبر فخرج أو زاد خروجه. لكن أفتى
 العلامة الكمال الرداد بعدم النقض بخروج الباسور نفسه بل بالخارج منه
 كالدم. وعن مالك: لا ينتقض الوضوء بالنادر.
 | 2- 
 وثانيها: زوال عقل أي تمييز بسكر أو جنون أو إغماء أو
"," موجبه: 1- خروج منيه 2- ودخول حشفة فرجا 3- وحيض وأقل
 سنه تسع سنين قمرية,
  موجبه أربعة:
 | 1- 
 أحدها: خروج منيه أولا ويعرف بأحد خواصه الثلاث: من تلذذ بخروجه أو تدفق
 أو ريح عجين رطبا وبياض بيض جافا فإن فقدت هذه الخواص فلا غسل.
 نعم لو شك في شيء أمني هو أو مذي؟ تخير ولو بالتشهي فإن شاء جعله منيا
 واغتسل أو مذيا وغسله وتوضأ ولو رأى  منيا مجففا في نحو ثوبه لزمه الغسل
 وإعادة كل صلاة تيقنها بعده ما لم يحتمل عادة كونه من غيره.
 | 2- 
 وثانيها: دخول حشفة أو قدرها من فاقدها ولو كانت من ذكر مقطوع أو من
 بهيمة أو ميت.
 فرجا قبلا أو دبرا ولو لبهيمة كسمكة أو ميت ولا يعاد غسله لانقطاع
 تكليفه.
 | 3- 
 وثالثها: حيض أي انقطاعه وهو دم يخرج من أقصى رحم المرأة في أوقات
 مخصوصة.
 وأقل سنة تسع سنين قمرية أي استكمالها نعم إن رأته قبل تمامها بدون ستة
 عشر يوما فهو حيض وأقله يوم وليلة وأكثره خمسة عشر يوما كأقل طهر بين
 الحيضتين.
 ويحرم به ما يحرم بالجنابة ومباشرة ما بين سرتها وركبتها.
"
Hukum puasa dan jima' bagi wanita nifas setelah darahnya berhenti namun sebelum mandi wajib.,Apakah seorang wanita yang darah nifasnya sudah berhenti tetapi belum mandi wajib boleh berpuasa atau berhubungan intim?,Page_V01P066,Page_V01P069," 4- ونفاس.
 وفرضه: 1- نية رفع الجنابة أو أداء فرض الغسل مقرونة بأوله,
  وقيل: لا يحرم غير الوطء واختاره
 النووي في التحقيق لخبر مسلم [رقم: 302] : اصنعوا كل شيء إلا النكاح.
 وإذا انقطع دمها حل لها قبل الغسل صوم لا وطئ خلافا لما بحثه العلامة
 الجلال السيوطي رحمه الله.
 | 4- 
 ورابعها: نفاس أي انقطاعه وهو دم حيض مجتمع يخرج بعد فراغ جميع الرحم.
 وأقله لحظة وغالبه أربعون يوما وأكثره ستون يوما.
 ويحرم به ما يحرم بالحيض.
 ويجب الغسل أيضا بولادة ولو بلا بلل وإلقاء علقة ومضغة وبموت مسلم غير
 شهيد.
 وفرضه أي الغسل شيئان:
 | 1- 
 أحدهما: نية رفع الجنابة للجنب أو الحيض للحائض أي رفع حكمه.
 أو نية أداء فرض الغسل أو رفع حدث أو الطهارة عنه أو أداء الغسل وكذا
 الغسل للصلاة لا
 الغسل فقط.
 ويجب أن تكون النية مقرونة بأوله أي الغسل يعني بأول مغسول
"," وتثليث واستقبال ولو أحدث ثم أجنب كفى غسل واحد.
  وتثليث لغسل جميع البدن والدلك
 والتسمية والذكر عقبه ويحصل في راكد بتحرك جميع البدن ثلاثا وإن لم ينقل 
 قدميه إلى موضع آخر على الأوجه.
 واستقبال للقبلة وموالاة وترك تكلم بلا حاجة وتنشيف بلا عذر.
 وتسن الشهادتان المتقدمتان في الوضوء مع ما معهما عقب الغسل وأن لا يغتسل
 لجنابة أو غيرها كالوضوء في ماء راكد لم يستبحر كنابع من عين غير جار.
 فرع لو اغتسل لجنابة ونحو جمعة بنيتهما حصلا وإن كان الأفضل إفراد كل
 بغسل أو لأحدهما حصل فقط.
 ولو أحدث ثم أجنب كفى غسل واحد وإن لم ينو معه الوضوء ولا رتب أعضاءه.
 فرع يسن لجنب وحائض ونفساء بعد انقطاع دمهما غسل فرج ووضوء لنوم وأكل
 وشرب ويكره فعل شيء من ذلك بلا وضوء1 وينبغي أن لا يزيلوا قبل الغسل شعرا
 أو ظفرا وكذا دما 
"
