pos_id,neg_id,bm25_pos_score,bm25_neg_score,score_ratio,lcs_ratio,pos_text_snippet,neg_text_snippet
Page_V01P117,Page_V01P118,737.439,170.6569,0.2314,0.0033," 8- وجلوس بينهما ولا يطوله ولا اعتدالا وسن فيه وتشهد
 أول افتراش واضعا كفيه قريب..."," وجلسة استراحة لقيام.
 | 9- 
 وطمأنينة في كل.
 | 10- 
 وتشهد أخير وأقله التحيات ..."
Page_V01P388,Page_V01P387,493.9689,88.855,0.1799,0.0091," 000000000000000000000000000000000
  ولو أخذ كوزا من سقاء ليشرب منه
 فوقع من يده..."," ولكل رجوع
  الملك وخالف القاضي فقال إنها على
 المستعير.
 وجاز لكل من المعير وال..."
Page_V01P605,Page_V01P604,663.5915,120.3262,0.1813,0.0023," وقبله يعصم دما ومالا,
  صغيرا ثم حكم بإسلامه تبعا لأصله
 جاز سبيه واسترقاقه ويب..."," ولإمام خيار في كامل بين قتل ومن وفداء واسترقاق
 وإسلام كافر بعد أسر يعصم دمه,
 ..."
Page_V01P243,Page_V01P248,663.1275,157.2788,0.2372,0.0049," 
 | فصل في أداء الزكاة
 يجب أداءها فورا بتمكن بحضور مال ومستحقيها وحلول دين مع ..."," لا تعجيلها لعامين وحرم تأخيرها وضمن إن تلف بعد
 تمكن.
 | 2- 
 وإعطاؤها لمستحقيه..."
Page_V01P661,Page_V01P660,722.4483,159.7034,0.2211,0.004," 000000000000000000000000000000000
  فوضته إليك أو شهد واحد باستيفاء
 الدين والآ..."," ويكفي فرعان لأصلين.
  ويكفي فرعان لأصلين أي لكل منهما
 فلا يشترط لكل منهما فرعا..."
Page_V01P583,Page_V01P584,772.7329,128.6014,0.1664,0.0042," ويقطع بمال وقف ومسجد لا حصره ولا بمال صدقة وهو
 مستحق ومصالح وبعض وسيد والأظهر ..."," فيده اليسرى فرجله اليمنى ثم عزر وتثبت برجلين وإقرار
 وبيمين رد وقبل رجوع مقر وم..."
Page_V01P062,Page_V01P061,705.7866,126.889,0.1798,0.0035," ببطن كف 4- وتلاقي بشرتي ذكر وأنثى
  وخرج بآدمي فرج البهيمة إذ لا
 يشتهى ومن ثم ..."," لا بنوم ممكن مقعده 3- ومس فرج آدمي
  نوم للخبر الصحيح: ""فمن نام
 فليتوضأ"" [أبو ..."
Page_V01P575,Page_V01P576,747.3964,161.2885,0.2158,0.0021," يجلد إمام حرا مكلفا زنى مئة ويغرب عاما إن كان بكرا
 لا مع ظن حل أو مع تحليل عال..."," ويرجم محصنا,
  ويحد في مستأجرة للزنا بها إذ لا
 شبهة لعدم الاعتداد بالعقد الباط..."
Page_V01P234,Page_V01P319,700.3454,95.3734,0.1362,0.0032," 000000000000000000000000000000000
  مثقال للنهي عن اتخاذه مثقالا
 [صحيح ابن حبا..."," ومصحف وفي معقود ملك له عليه
  وكذا يشترط أيضا: إسلام لتملك مرتد
 على المعتمد لك..."
Page_V01P267,Page_V01P266,627.6611,124.4372,0.1983,0.005," 00000000000000000000000000000000
  وبالصرف المختلط بطاهر آخر فيفطر
 من ابتلع ري..."," ولا بريق طاهر صرف من معدنه,
  وخرج بالعين: الأثر كوصول الطعم
 بالذوق إلى حلقه.
..."
Page_V01P041,Page_V01P044,639.2292,136.0744,0.2129,0.0063," غير مستعمل في رفع حدث ونجس قليلا,
  سائر الطهارة ولو مسنونة إلا الماء
 المطلق و..."," 2- وجري ماء على عضو 3- وأن لا يكون عليه مغير للماء
 تغيرا
  وينجس قليل الماء وه..."
Page_V01P552,Page_V01P550,653.4068,150.4725,0.2303,0.0021," عند قاض,
  أي الزوج بإقراره أو بينة تذكر
 إعساره الآن.
 ولا تكفي بينة ذكرت أنه ..."," فلا فسخ بامتناع غيره إن لم  ينقطع خبره,
  فائدة [في بيان حكم ما إذا كان عند
 زو..."
Page_V01P347,Page_V01P345,766.0483,210.8153,0.2752,0.0052," وله طلب بيعه  إن حل دين ويجبر راهن فإن أصر باعه قاض
 وعلى مالكه مؤنة,
  الأوجه ..."," لا بشرط ما يضر كأن لا يباع عند المحل وكشرط منفعته
 كأن يشرطا أن الزوائد مرهونة...."
Page_V01P627,Page_V01P626,703.3491,214.018,0.3043,0.0053," كما لو ادعى على صبي وميت وإذا ثبت مال الغائب وله
 مال قضاه منه إذا
  كما لو ادع..."," حجة ولم يقل: هو مقر ووجب تحليفه بعد بينة أن الحق في
 ذمته,
  حجة ولم يقل هو أي ..."
Page_V01P559,Page_V01P561,677.0911,114.513,0.1691,0.0049," 000000000000000000000000000000
  ويجوز الحلب إن مات الولد بأي حيلة
 كانت.
 ويحر..."," 000000000000000000000000000000000
  من غير قصد إلى أنه عمد موجب
 للقود.
 قال شي..."
Page_V01P357,Page_V01P368,732.7814,143.127,0.1953,0.0019," 00000000000000000000000000000000
  الذي شرط في الكفالة الإحضار إليه
 وإلا فحيث ..."," 000000000000000000000000000000000
  القاضي لو أمر مدينه أن يشتري له
 بدينه طعام..."
Page_V01P289,Page_V01P451,615.78,97.3218,0.158,0.0047," وشروط الطواف: 1- طهر 2- وستر 3- ونيته إن استقل 4-
 وبدؤه بالحجر الأسود محاذيا ل..."," أركانه: 1- زوجة 2- وزوج 3- وولي 4- وشاهدان 5-
 وصيغة.
  بها وإلا فهي أولى.
 قال..."
Page_V01P557,Page_V01P555,719.6052,117.8043,0.1637,0.004," 000000000000000000000000000000000
  فبنت أخ فعمة.
 والمميز إن افترق أبواه من ال..."," 000000000000000000000000000000000
  فائدة: لو فقد الزوج قبل التمكين
 فظاهر كلام..."
Page_V01P369,Page_V01P370,726.9856,163.2411,0.2245,0.0011," ويصح قراض في نقد خالص مضروب بصيغة مع شرط ربح لهما,
  ويصح قراض: وهو أن يعقد على..."," ويشترط كونه معلوما بالجزئية ولعامل في فاسد أجرة مثل
  لأحدهما الربح.
 ويشترط كو..."
Page_V01P121,Page_V01P122,755.1008,117.777,0.156,0.0022," 12- وقعود لهما وسن تورك فيه ووضع يديه في تشهديه على
 طرف ركبتيه ناشرا أصابع يسر..."," ونظر إليها.
 | 13- 
 وتسليمة أولى وأقلها: السلام عليكم وسن ثانية ب: رحمه الله و..."
Page_V01P164,Page_V01P171,647.612,94.4663,0.1459,0.0011," وركعتا تحية
  فضيلة التأخير إلى ربع النهار
 وفضيلة أدائها في المسجد إن لم يؤخره..."," 000000000000000000000000000000000
  عليه [البخاري رقم: 645, مسلم رقم:
 650] : ص..."
Page_V01P615,Page_V01P188,931.1718,146.8263,0.1577,0.0026," 000000000000000000000000000000000
  وقال شيخنا المحقق ابن زياد رحمه
 الله تعالى..."," ولا يصح قدوة بمن اعتقد بطلان صلاته,
  كالمنفرد ولا تصح له الجمعة وهم
 كما بينه ..."
Page_V01P606,Page_V01P607,726.8015,129.9255,0.1788,0.0044," وإذا أرق وعليه دين لم يسقط.
  وإذا أرق الحربي وعليه دين لمسلم
 أو ذمي لم يسقط و..."," 000000000000000000000000000000000
  الضعيف أنه لا يخمس عليه فقول جمع
 متقدمين ظ..."
Page_V01P631,Page_V01P632,738.1296,218.5937,0.2961,0.0035," عليه من وافقه وله بلا فتنة أخذ ماله من مماطل,
  عليه من وافقه أي الظاهر وشرطهما..."," ثم إن كان جنس حقه تملكه وشرط للدعوى بنقد
  ثم إن كان جنس حقه تملكه وإلا
 اشترط ..."
Page_V01P466,Page_V01P476,708.2609,144.2664,0.2037,0.002," وهو أب فأبوه فيزوجان بكرا أو ثيبا بلا وطء بغير
 إذنها لكفء,
  ولا ولاية أيضا لأ..."," فرع: يزوج عتيقة امرأة حية وليها بإذن عتيقة وأمة
 بالغة وليها بإذنها وحدها وأمة ..."
Page_V01P100,Page_V01P099,722.2573,151.9256,0.2103,0.002," وموالاة فيعيد بتخلل ذكر أجنبي لا بتأمين وسجود ودعاء
 لقراءة إمامه
  وفي النطق ب..."," مع بسملة وتشديدات ورعاية حروف ومخارجها
  مما بعدها إلا والإمام راكع فيتحمل
 الإ..."
Page_V01P141,Page_V01P139,674.0436,153.7513,0.2281,0.0033," 0000000000000000000000000000000000
  قاعدة: وهي أن ما شك في تغيره عن
 أصله يرجع..."," ولو شك بعد سلام في فرض غير نية وتحرم لم يؤثر.
  سلام الإمام فلا يتحمله لانقضاء
..."
Page_V01P516,Page_V01P508,669.09,117.7785,0.176,0.0024," ولو قال لها: طلقي نفسك إن شئت فهو تمليك فيشترط
 تطليقها فورا بطلقت.
  ثم إن قصد..."," بمشتق طلاق وفراق وسراح وترجمته وأعطيت طلاقك وأوقعت
 عليك الطلاق,
  بصريح وهو ما..."
Page_V01P591,Page_V01P592,678.3516,73.257,0.108,0.0072," ووجب ختان ببلوغ,
  فرع: يجب الدفع عن منكر كشرب مسكر
 وضرب آلة لهو وقتل حيوان ول..."," وحرم تثقيب أذن.
  ويسن إظهار ختان الذكر وإخفاء ختان
 الأنثى.
 وأما مؤنة الختان ..."
Page_V01P096,Page_V01P221,662.7979,111.7385,0.1686,0.0049," مع تحرم وركوع ورفع منه ومن تشهد أول ووضعهما تحت
 صدره آخذا بيمينه يساره.
 | 3- ..."," وأركانها: 1- نية 2- وقيام 3- وأربع تكبيرات 4-
 وفاتحة,
  وأركانها أي الصلاة على..."
Page_V01P292,Page_V01P301,646.0488,106.521,0.1649,0.0013," 2- ومبيت بمزدلفة 3- وبمنى,
  ومن المشرق: ذات عرق.
 وميقات العمرة لمن بالحرم الح..."," ودم ترك مأمور ذبح فصوم ثلاثة وقبل نحر وسبعة بوطئه
 ويجب على مفسد نسك بوطء بدنة
..."
Page_V01P086,Page_V01P300,678.6391,103.769,0.1529,0.0045," وحرة غير وجه وكفين بما لا يصف لونا إن قدر عليه.
  وستر حرة ولو صغيرة غير وجه وك..."," وستر امرأة لا رجل بعض وجه وفدية ما يحرم ذبح شاة أو
 تصدق بثلاثة آصع لستة أو صوم..."
Page_V01P251,Page_V01P250,644.4585,105.0552,0.163,0.0058," 0000000000000000000000000000000000
  فهل يجزئ؟ وجهان وظاهر كلام شيخنا
 ترجيح عد..."," 000000000000000000000000000000000
  الغالب كما استظهره شيخنا وأعطي ما
 يقضي به ..."
Page_V01P331,Page_V01P362,816.8092,139.8801,0.1713,0.0103," وجماح وعض  وكتصرية لا بغبن فاحش كظن زجاجة جوهرة
 والخيار فوري.
  لطين أو شاربا ..."," ,إذا أطلق الموكل ولا يبيع لنفسه
  ولو مثليا إن أقبض المشتري فإن
 بقي: استرده ول..."
Page_V01P291,Page_V01P180,639.7493,93.745,0.1465,0.005," وو1جباته: 1- إحرام من ميقات.
  ويسن أن يقرب الذكر من البيت ما لم
 يؤذ أو يتأذ ب..."," وفي صف أول ثم ما يليه وكره انفراد وشروع في صف قبل
 إتمام ما قبله وعلم بانتقال إ..."
Page_V01P447,Page_V01P446,734.5753,131.3961,0.1789,0.0393," 000000000000000000000000000000000
  للضرورة  وللعبد العدل النظر إلى
 سيدته المت..."," 000000000000000000000000000000000
  مهمة [في بيان النظر المحرم
 والجائز وغير ذل..."
Page_V01P033,Page_V01P119,343.1178,38.1512,0.1112,0.021," وعلى آله
  والرسول من البشر ذكر حر أوحى إليه
 بشرع وأمر بتبليغه وإن لم يكن له ك..."," 11- وصلاة على النبي بعده وأقلها: اللهم صل على محمد
 وسن في أخير صلاة على آله,
 ..."
Page_V01P326,Page_V01P601,636.4152,80.6882,0.1268,0.0035," وبيع نحو عنب ممن ظن أنه يتخذه مسكرا,
  والأب وإن علا والجدة وإن علت ولو
 من الأ..."," وأصل لا لتعلم فرض وإن دخلوا بلدة لنا تعين على أهلها
  وحرم السفر لجهاد وحج تطوع..."
Page_V01P366,Page_V01P367,557.5016,96.4181,0.1729,0.0015," فإن تعدى صمن
 وينعزل بعزل أحدهما
  ولوكله بقضاء دين فقال  قضيته وأنكر
 المستحق ..."," وبموت أو جنون وزوال ملك موكل ولا يصدق بعد تصرف إلا
 ببينة.
  يعزله الموكل سواء ..."
Page_V01P469,Page_V01P467,650.5748,117.5803,0.1807,0.0067," ثم قاض فيزوج بكفء بالغة
  وخرج بثيب بوطء مزالة البكارة بنحو
 إصبع فحكمها حكم ال..."," لا ثيبا بوطء إلا بإذنها نطقا بالغة وتصدق في بكارة
 بلا يمين وفي ثيوبة قبل عقد ب..."
Page_V01P094,Page_V01P109,757.2616,110.0009,0.1453,0.0018," مقرونا به النية ويتعين: الله أكبر,
  وجعل فاتحة الصلاة ليستحضر المصلي
 معناه ال..."," وتكبير في كل خفض ورفع لا من ركوع ومده وجهر به لإمام
 وكره لغيره.
 | 5- 
 وركوع ..."
Page_V01P176,Page_V01P174,684.8231,108.929,0.1591,0.002," وركعة بتكبيرة لإحرام
  الإحرام إلى الركوع بل يسن عدمه
 زجرا له.
 قال الفوراني: ..."," وتدرك جماعة ما لم يسلم إمام,
  إمامه فلا يكره له الدخول في جماعة
 أخرى.
 فإذا ا..."
Page_V01P246,Page_V01P245,663.8638,186.7409,0.2813,0.0042," لا مقارنتها للدفع بل تكفي عند عزل أو إعطاء وكيل أو
 بعد أحدهما وقبل التفرقة,
  ..."," وشرط له: 1- نية كهذا زكاة أو صدقة مفروضة
  بعد الحول صح لا في قدر الزكاة
 كسائر..."
Page_V01P339,Page_V01P349,575.2017,110.4455,0.192,0.0082," 000000000000000000000000000000
  ومن وهب في مرضه شيئا فادعت ورثته
 غيبة عقله حا..."," ولو اختلفا في رهن أو قدره صدق راهن.
  ارتهان الحلي مع الإذن في لبسها
 فأجاب لا ..."
Page_V01P532,Page_V01P671,730.9509,130.7621,0.1789,0.0023," يجب استبراء لحل بملك أمة وإن تيقن براءة رحم وبزوال
 فراش عن أمة موطوءة أو مستول..."," إذا أحبل حر أمته فولدت عتقت بموته كولدها بنكاح أو
 زنى بعد وضعها وله وطء أم ولد..."
Page_V01P433,Page_V01P436,344.9527,85.848,0.2489,0.0034," 
 | باب الفرائض
  باب الفرائض
 أي مسائل قسمة المواريث جمع فريضة بمعنى مفروضة.
 ..."," وبنت ابن فأكثر مع بنت أو بنت ابن أعلى وأخت فأكثر
 لأب مع أخت لأبوين وواحد من ول..."
Page_V01P313,Page_V01P312,570.6245,105.7201,0.1853,0.0041," 000000000000000000000000000000000
  بمتاعه ففعلا صح.
 وإن زاد المبتدئ: إن نذرت ..."," ك: إن شفاني الله أو سلمني الله فعلى كذا فيلزم ما
 التزمه حالا في منجز وعند وجود..."
Page_V01P265,Page_V01P264,701.0774,89.687,0.1279,0.0051," وبدخول عين جوفا,
  لقطها لتكرر الحاجة إليه أما لو
 ابتلعها مع القدرة على لفظها ..."," مختار بجماع واستمناء لا بضم بحائل واستقاءة لا بقلع
 نخامة,
  بعيدة عمن يعرف ذلك..."
Page_V01P163,Page_V01P162,651.0341,103.7938,0.1594,0.0457," والضحى وأقلها ركعتان وأكثرها ثمان,
  السنة كما صرح به الجو جري والشيخ
 زكريا.
 ..."," 000000000000000000000000000000000
  فرع يسن لمن وثق بيقظته قبل الفجر
 بنفسه أو ..."
Page_V01P669,Page_V01P418,840.339,88.336,0.1051,0.0021," الكتابة سنة بطلب عبد أمين مكتسب وشرط في صحتها لفظ
 يشعر بها إيجابا ككاتبتك على ..."," وشرط فيه لفظ كعلي أو عندي كذا ونعم وأبرأتني وقضيته
 لجواب أليس لي؟ أو لي عليك ك..."
Page_V01P617,Page_V01P618,784.7719,206.563,0.2632,0.0031," وينعزل القاضي ونائبه لا عن إمام بخبره وعزل نفسه
 وجنون وفسق,
  وينعزل القاضي أي..."," ولا ينعزل قاض بموت إمام ولا يقبل قول متول في غير
 محل ولايته حكمت بكذا كمعزول.
..."
Page_V01P391,Page_V01P344,582.6781,79.3602,0.1362,0.0042," 
 | باب في الهبة
 الهبة: تمليك عين بلا عوض بإيجاب كوهبتك وقبول كقبلت,
  باب في ..."," ويصح رهن بإيجاب وقبول من أهل تبرع ولو عارية,
  كان ضامنا على الأوجه للحاجة: كأل..."
Page_V01P075,Page_V01P309,669.001,83.9474,0.1255,0.006," وكميتة غير بشر وسمك وجراد,
  وألحق به فم ما يجتر من ولد البقرة
 والضأن إذا التق..."," 0000000000000000000000000000000000
  ويؤيده نقل ابن الصباغ عن الأصحاب
 حل جميع ..."
Page_V01P239,Page_V01P238,645.1566,143.8764,0.223,0.0086," ومائة وإحدى وعشرين شاتان ومائتين وواحدة ثلاث وأربع
 مائة أربع ثم في كل مائة شاة..."," وست وأربعين حقة وإحدى وستين جذعه وست وسبعين بنتا
 لبون وإحدى وتسعين حقتان ومائة..."
Page_V01P324,Page_V01P620,664.7425,82.2137,0.1237,0.0036," وحرم ربا
  مع وزنها فيورث عزة الوجود.
 ويشترط أيضا بيان محل تسليم للمسلم فيه إن..."," وحرم قبوله هدية من لا عادة له بها قبل ولاية إن كان
 في محله ومن له خصومة وإلا ج..."
Page_V01P376,Page_V01P377,733.4107,136.0426,0.1855,0.0044," 000000000000000000000000000000000
  التزيين بها لا تقابل بمال وأما
 المعراة: في..."," وعلى مكر تسليم مفتاح دار
  القارئ وألحق بها الاستئجار لمحض
 الذكر والدعاء عقبه ..."
Page_V01P242,Page_V01P235,607.6915,99.4329,0.1636,0.0013," وهي صاع من غالب قوت  بلده وحرم تأخيرها عن يومه.
  وهي أي زكاة الفطر صاع1 وهو أر..."," وفي قوت كبر وأرز وتمر وعنب بلغ خمسة أو سق منقى عشر
 إن سقي بل مؤنة وإلا فنصفه.
..."
Page_V01P325,Page_V01P322,637.6906,115.2699,0.1808,0.0049," وتفريق بين أمة وفرع لم يميز بنحو بيع وبطل فيهما,
  إلى قبول لفظا على المعتمد.
 ..."," ومماثلة وبغير جنسه حلول وتقابض وفي بيع موصوف في ذمة
  ومماثلة بين العوضين يقينا..."
Page_V01P299,Page_V01P492,793.5968,134.8834,0.17,0.0094," ودهن شعر وإزالته وقلم ويحرم ستر رجل بعض رأس بما يعد
 ساترا ولبسه محيطا بلا عذر,..."," 0000000000000000000000000000000000
  الطعام حرام حرمت الإجابة وإن لم
 يرد الأكل..."
Page_V01P103,Page_V01P104,744.6884,127.2027,0.1708,0.001," أو يجلس مأموم وإن خاف فوت سورة فتعوذ كل ركعة,
  أو يجلس مأموم مع إمامه وإن أمن ..."," ووقف على رأس كل آية منها وتأمين عقبها ومع إمامه إن
 سمع,
  يشرع في قراءة ولو سه..."
Page_V01P371,Page_V01P372,662.2441,145.623,0.2199,0.0041," ولا  يمون وصدق في تلف وعدم ربح وقدره وخسر ورد.
  السفر وانتفى الخوف والمؤنة فيض..."," 000000000000000000000000000000000
  ويصدق العامل أيضا في قدر رأس
 المال لان الأ..."
Page_V01P080,Page_V01P078,600.1503,117.9823,0.1966,0.0028," ويعفى عن دم نحو برغوث
  لا يخلو منه دلو فلينزح كله فإن
 اغترف قبل النزح ولم يتي..."," 0000000000000000000000000000000
  ومتنجس بحكمية كبول جف لم يدرك له
 صفة بجري ال..."
Page_V01P107,Page_V01P108,689.9095,210.0338,0.3044,0.0057," وفي  جمعة وعشائها الجمعة والمنافقون أو {سبح} 87 سورة
 الأعلى {هل أتاك} [88 سورة..."," 000000000000000000000000000000000
  فرع لو ترك إحدى المعينتين في
 الأولى أتى به..."
Page_V01P444,Page_V01P505,590.8219,79.0644,0.1338,0.0117," 0000000000000000000000000000000000
  ويجوز أخذ نحو سنابل الحصادين التي
 اعتيد ا..."," 00000000000000000000000000000000
  غير فاسد: لان العوض فيه مقصود
 خلافا لبعضهم ..."
Page_V01P070,Page_V01P084,557.3986,78.8079,0.1414,0.0015," وجاز تكشف له في خلوة.
 وثانيها: طهارة بدن وملبوس ومكان عن نجس,
  لأن ذلك يرد في..."," 000000000000000000000000000000000
  ولا تصح صلاة من حمل مستجمرا أو
 حيوانا بمنف..."
Page_V01P196,Page_V01P195,638.9066,133.0221,0.2082,0.0054," وبأربعين,
  وتجب على من جاء بعد ركوع الثانية:
 نية الجمعة على الأصح وإن كانت ال..."," ولا تنعقد به ولا بمن به رق وصبا وشرط 1- وقوعها
 جماعة في الركعة الأولى,
  وعلى ..."
Page_V01P179,Page_V01P187,767.2826,127.1551,0.1657,0.002," ونية إمامة سنة لإمام في غير جمعة وعدم تقدم على إمام
 بعقب وندب وقوف ذكر عن يمين..."," وسبقه على إمام بركنين فعليين مبطل وبركن فعلي حرام
 ومقارنته في أفعال مكروهة كتخ..."
Page_V01P037,Page_V01P271,667.1433,115.3647,0.1729,0.0012," ويبادر بفائت ويسن ترتيبه وتقديمه على حاضره,
  لا يضمن من قتله قبل التوبة لكنه
 ..."," وعلى من أفطر لعذر لا يرجى زواله مد بلا قضاء وعلى
 مؤخر قضاء بلا عذر مد لكل سنة...."
Page_V01P149,Page_V01P157,567.0342,84.5431,0.1491,0.0031," وندب لمنفرد رأى جماعة أن يقلب فرضه نفلا ويسلم من
 ركعتين.
  فرع لو أخبره عدل رو..."," . . . . . . . . . . . . . . . . . . . . . . . . . .
 . . . . . . .
  وتسن الصلا..."
Page_V01P112,Page_V01P111,747.0439,98.1665,0.1314,0.0151," وقنوت بصبح ووتر نصف أخير من رمضان وبسائر مكتوبة
 لنازلة رافعا يديه
  بعدهما كال..."," 6- واعتدال بعود لبدء ويسن أن يقول في رفعه: سمع الله
 لمن حمده وبعد انتصاب ربنا ..."
Page_V01P186,Page_V01P185,665.6172,175.9333,0.2643,0.002," وعذر,
  وعذر من تخلف لسنة كبطء القراءة
 على ما قاله الشيخان كالبغوي لوجوب التخل..."," ثم يتدارك ولو اشتغل مسبوق بسنة قرأ قدرها
  ثم يتدارك بعد سلام الإمام ما بقي
 عل..."
Page_V01P132,Page_V01P193,638.632,101.5106,0.159,0.0022," وكشف رأس ومنكب وصلاة بمدافعة حدث
  هو ظاهر انتهى.
 ويجب إخراج نجس منه فورا عيني..."," 000000000000000000000000000000000
  يسير ومدافعة حدث من بول أو غائط
 أو ريح فتك..."
Page_V01P337,Page_V01P643,766.1175,177.0869,0.2311,0.0011," 
 | فصل في اختلاف المتعاقدين
 ولو اختلف متعاقدان في صفة عقد وصح كقدر عوض ولا بي..."," ولو ادعيا شيئا بيد ثالث وأقام كل بينة أنه اشتراه
 فإن اختلف تاريخهما حكم للأسبق..."
Page_V01P166,Page_V01P167,674.4542,140.0964,0.2077,0.001," وصلاة العيدين
  وتتأدى بفوائت وغيرها خلافا لشيخنا
 والأولى فعلها بعد الفراغ من ..."," والكسوفين بخطبتين بعدهما واستسقاء
  فيهما رافعا يديه مع كل تكبيرة ما
 لم يشرع ف..."
Page_V01P208,Page_V01P209,609.6004,94.2178,0.1546,0.0056," وإنصات لخطبة
  وينبغي البدار بغسل محل القلم.
 ويسن فعل ذلك يوم الخميس أو بكرة ا..."," وقراءة كهف وإكثار صلاة على النبي صلى الله عليه وسلم
 يومها وليلتها
  المنبر: وإ..."
Page_V01P473,Page_V01P474,703.8624,200.7,0.2851,0.005," ولمجبر توكيل في تزويج موليته بغير إذنها وعلى وكيل
 رعاية حظ ولغيره بعد إذن له ف..."," 000000000000000000000000000000000
  وخرج بقولي بعد إذنها للولي في
 التزويج ما ل..."
Page_V01P628,Page_V01P624,788.1979,128.3164,0.1628,0.0051," طلبه المدعي وإلا فإن سأل المدعي إنهاء الحال إلى
 قاضي بلد الغائب أجابه فينهي إل..."," ويقضي بعلمه ولا لبعض ولو رأى قاض ورقة فيها حكمه لم
 يعمل به حتى يتذكر,
  بينونت..."
Page_V01P230,Page_V01P240,517.661,107.396,0.2075,0.0015," 
 | باب الزكاة
 | مدخل
 ...
 باب الزكاة
 تجب على مسلم حر في ذهب
  باب الزكاة
 ه..."," على حر بغروب ليلة فطر عمن تلزمه نفقته ولو رجعية,
  على حر فلا تلزم على رقيق عن ..."
Page_V01P072,Page_V01P043,740.1731,107.9034,0.1458,0.0079," وودي ودم وقيح وقيء معدة,
  أصفر رقيق يخرج غالبا عند ثوران
 الشهوة بغير شهوة قوي..."," خلافا لجمع ومنه أيضا ماء أغلي فيه نحو بر وتمر حيث
 لم يعلم أو بنجس ولو كان كثير..."
Page_V01P483,Page_V01P484,555.9273,177.5254,0.3193,0.0017," 
 | فصل في نكاح الأمة
 حرم لحر نكاح أمة إلا بعجز عمن تصلح لتمتع
  فصل في نكاح ا..."," وبخوفه زنا,
  وكذا إن كان تحته زانية على ما
 أفتى به غير واحدة.
 ولو قدر على غا..."
Page_V01P087,Page_V01P089,794.3875,122.9801,0.1548,0.0011," ورابعها: معرفة دخول الوقت فوقت ظهر من زوال إلى مصير
 ظل شيء مثله غير ظل استواء ..."," 0000000000000000000000000000000000
  وتأخيرها عن أوله لتيقن جماعة
 أثناءه وإن ف..."
Page_V01P461,Page_V01P464,810.357,143.3056,0.1768,0.0068," وفي الزوج تعيين وعدم محرمة للمخطوبة تحته وفي
 الشاهدين أهلية شهادة,
  وشرط في ا..."," وحلفت مدعية محرمية لم ترضه وحلف لراضية اعتذرت وفي
 الولي عدالة وحرية وتكليف,
  ..."
Page_V01P194,Page_V01P036,643.8589,106.5205,0.1654,0.0061," 
 | فصل في صلاة الجمعة
 تجب جمعة على مكلف ذكر حر متوطن غير معذور وعلى مقيم
  فص..."," 
 | باب الصلاة
 | مدخل
 ...
 باب الصلاة
 إنما تجب المكتوبة على مسلم مكلف طاهر و..."
Page_V01P294,Page_V01P288,654.4869,118.2934,0.1807,0.0075," 4- وطواف الوداع 5- ورمي بحجر وتجبر.
 وسننه: غسل لإحرام ودخول مكة ووقوف وتطيب قب..."," 5- وإزالة شعر 6- وترتيب ولا تجبر بدم وغير وقوف
 أركان العمرة.
  5- وخامسها: إزا..."
Page_V01P223,Page_V01P178,733.8055,110.7817,0.151,0.0039," 7- وسلام بعد رابعة.
 وشرط لها: تقدم طهره,
  ويؤنث الضمائر في الأنثى ويجوز
 تذكي..."," إن كان موضع جلوسه وشرط لقدوة نية اقتداء أو جماعة مع
 تحرم
  موضع جلوسه لو انفرد..."
Page_V01P055,Page_V01P050,687.1004,131.6239,0.1916,0.0022," وإطالة تحجيل بأن يغسل مع اليدين بعض العضدين ومع
 وتثليث كل,
  الرجلين بعض الساق..."," وترتيب.
  6- وسادسها: ترتيب كما ذكر من
 تقديم غسل الوجه فاليدين فالرأس فالرجلين..."
Page_V01P670,Page_V01P477,676.1902,122.7134,0.1815,0.0035," ولا يفسخها إلا إن عجز مكاتب عن أداء أو امتنع عنه أو
 غاب وله فسخ وحرم عليه تمتع..."," وسيد أمته ولو صغيرة ولا ينكح عبد إلا بإذن سيده.
  النفقة نعم: إن رأى القاضي بيع..."
Page_V01P205,Page_V01P216,688.0409,121.398,0.1764,0.0053," 0000000000000000000000000000000000
  قال شيخنا: ويكره ما صبغ بعده ولو
 بغير الح..."," 0000000000000000000000000000000000
  والحرية فيجب في المرأة ولو أمة ما
 يستر غي..."
Page_V01P648,Page_V01P352,852.1706,105.6006,0.1239,0.0027," باجتناب كبيرة وإصرار على صغيرة,
  جمع منهم الأذرعي والغزي وآخرون
 قول بعض المال..."," 00000000000000000000000000000000000
  وإذا بلغ الصبي رشيدا: أعطى ماله.
 والرشد:..."
Page_V01P113,Page_V01P120,828.7852,122.7691,0.1481,0.0031," بنحو: اللهم اهدني فيمن هديت إلى آخره,
  بنحو: اللهم اهدني فيمن هديت إلى
 آخره أ..."," ويسن أكملها في  تشهد ودعاء
  الأصح لبنائه على التخفيف ولان
 فيها نقل ركن قولي ع..."
Page_V01P500,Page_V01P501,844.5068,173.8352,0.2058,0.0071," الخلع: فرقة بعوض لزوج بلفظ طلاق أو خلع فلو جرى بلا
 عوض بنية التماس قبول فمهر م..."," أو بدأ بتعليق كمتى أعطيتني كذا فأنت طالق فتعليق فلا
 رجوع له ولا يشترط قبول ولا..."
Page_V01P547,Page_V01P553,780.8568,146.7194,0.1879,0.0008," 000000000000000000000000000000000
  فائدة: يجوز للزوج منعها من الخروج
 من المنز..."," فيمهل ثلاثة ثم يفسخ هو أو هي بإذنه.
  ف: إذا توفرت شروط الفسخ من
 ملازمتها المس..."
Page_V01P101,Page_V01P105,618.6703,138.3247,0.2236,0.007," وبفتح عليه وسكوت طال بلا عذر ولا أثر لشك في ترك حرف
 بعد تمامها
  من القارئ وال..."," وسن آية بعدها,
  فرع يسن للإمام أن يسكت في الجهرية
 بقدر قراءة المأموم الفاتحة ..."
Page_V01P417,Page_V01P423,551.2525,108.7334,0.1972,0.0041," 00000000000000000000000000000000000
  وشرط الناظر واقفا كان أو غيره
 العدالة وا..."," 
 | باب في الوصية
 تصح وصية مكلف حر لجهة حل,
  باب في الوصية
 هي لغة الإيصال: م..."
Page_V01P672,Page_V01P227,622.3137,76.9847,0.1237,0.0035," 000000000000000000000000000000000
  غيره كالأم بل لو حكم به قاض نقض
 على ما حكا..."," وكفن شهيد في ثيابه لا حرير ويندب
  ولا من وقع بين كفار فهرب منهم
 فقتلوه لان ذل..."
Page_V01P140,Page_V01P160,502.4596,88.8195,0.1768,0.0029," 0000000000000000000000000000000000
  أما الشك في النية وتكبيرة الإحرام
 فيؤثر ع..."," ووتر وأقله ركعة وأكثره إحدى عشرة ,
  ويسن وتر أي صلاته بعد العشاء
 لخبر: ""الوتر..."
Page_V01P529,Page_V01P519,620.3249,141.153,0.2275,0.007," ولا يقبل دعواها عدم انقضائها بعد تزوج,
  انقضاؤها وإن خالفت عدتها أو كذبها
 الز..."," في تحليل وإن كذبها الثاني وللأول نكاحها ولو أخبرته
 أنها تحللت ثم رجعت قبلت قبل..."
Page_V01P091,Page_V01P148,536.5855,80.3571,0.1498,0.0015," 
 | فصل في صفة الصلاة
 أركان الصلاة: 1- نية,
  إلى القبلة. ويشترط ترك فعل كثير
..."," وبزيادة ركن فعلي عمدا وباعتقاد فرض نفلا.
  وتبطل بزيادة ركن فعلي عمدا لغير
 متا..."
Page_V01P390,Page_V01P386,670.3562,106.0669,0.1582,0.0033," 000000000000000000000000000000000
  ولو تلف المثلي: فله مطالبته بمثله
 في غير ا..."," لا باستعمال وعليه مؤنة رد
  لا يوم القبض في المتقوم وبالمثل
 في المثلي على الأو..."
Page_V01P212,Page_V01P213,667.434,156.2098,0.234,0.0033," وسفر بعد فجرها.
  وحرم على من تلزمه الجمعة وإن لم
 تنعقد به سفر تفوت به الجمعة ..."," 000000000000000000000000000000000
  حوطت واتصلت بالبلد والقريتان إن
 اتصلتا عرف..."
Page_V01P463,Page_V01P470,668.7777,126.5455,0.1892,0.0011," وبان بطلانه بحجة فيه أو بإقرار الزوجين في حقهما بما
 يمنع صحته,
  كما نص عليه و..."," عدم وليها أو غاب مرحلتين أو تعذر وصول إليه لخوف,
  يزوجها وإن أذنت له قبل خروجه..."
Page_V01P303,Page_V01P315,687.7901,109.936,0.1598,0.006," 000000000000000000000000000000000
  سنة أو سقط سنه ولو قبل تمامها أو
 ثني معز أ..."," 000000000000000000000000000000000
  كالاعتكاف.
 ولا يجزئ ألف صلاة في غير مسجد ا..."
Page_V01P442,Page_V01P407,605.3172,82.0449,0.1355,0.0037," 000000000000000000000000000000000
  وصدق وديع كوكيل وشريك وعامل قراض
 بيمين في ..."," اتبع,
  مطلقا أو إلا كذا: كسنة أو أن يفضل
 بعض الموقوف عليهم على بعض أو أنثى عل..."
Page_V01P468,Page_V01P438,835.0091,239.0864,0.2863,0.0063," لأبوين فأخ لأب فبنوهما فعم ثم معتق فعصباته فيزوجون
 بالغة بإذن ثيب بوطء نطقا وص..."," وهي ابن فابنه فأب فأبوه فأخ لأبوين ولأب فبنوهما  فعم
 لأبوين فلأب فبنوهما فمعتق..."
Page_V01P399,Page_V01P410,728.6937,122.4165,0.168,0.0344," 000000000000000000000000000000000
  رقم: 433, 2/176] بل في شرح مسلم
 عن المحاسب..."," 000000000000000000000000000000000
  ما شرط ما دام يقرأه فإذا مات
 مثلا: قرر الن..."
Page_V01P258,Page_V01P621,538.7708,98.6702,0.1831,0.0027," وجار أفضل لا بما يحتاجه.
  وصرفها بعد القريب إلى جار أفضل
 منه لغيره فعلم أن ال..."," 000000000000000000000000000000000
  وعلم مما مر أنه لا يحرم عليه
 قبولها في غير..."
Page_V01P471,Page_V01P472,682.7138,167.3746,0.2452,0.0012," أو فقد أو عضل مكلفة دعت إلى كفء
  أو فقد أي الولي بأن لم يعرف مكانه
 ولا موته و..."," ثم محكم عدل ولقاض تزويج من قالت أنا خلية عن نكاح
 وعدة ما لم يعرف لها زوج وإلا ..."
Page_V01P060,Page_V01P065,691.4805,140.0754,0.2026,0.013," ونواقضه: 1- خروج شيء من أحد سبيلي الحي ولو باسورا,
 2- وزوال عقل,
  وأركانه: ني..."," موجبه: 1- خروج منيه 2- ودخول حشفة فرجا 3- وحيض وأقل
 سنه تسع سنين قمرية,
  موجب..."
Page_V01P518,Page_V01P530,543.0258,94.6557,0.1743,0.0053," فرع [في حكم المطلقة بالثلاث]
 حرم لحر من طلقها ثلاثا ولعبد من طلقها ثنتين حتى ت..."," وتنقطع عدة بمخالطة رجعية فيها,
  فلو أنكر الثاني الرجعة صدق بيمينه
 في إنكارها ..."
Page_V01P244,Page_V01P247,717.3203,140.7481,0.1962,0.0069," ولو أصدقها نصاب نقد زكته.
  هو على خلاصه فيجب إخراج الزكاة في
 الحال وإن لم يقب..."," وجاز لكل إخراج زكاة المشترك بغير إذن الآخر وتوكيل
 كافر وصبي في إعطائها لمعين و..."
Page_V01P460,Page_V01P528,698.2203,126.9811,0.1819,0.0031," 000000000000000000000000000000000
  بتميزها كسوداء اختلطت بمن لا سواد
 فيهن لم ..."," وتعتد غيرها بنصف وكمل الطهر الثاني وتعتدان بوضع حمل
 وتصدق في انقضاء عدة أمكن,
..."
Page_V01P275,Page_V01P406,676.5481,100.3378,0.1483,0.0064," وبرمضان إكثار صدقة وتلاوة,
  ومشاتمة لأنه محبط للأجر كما صرحوا
 به ودلت عليه ال..."," إلى الواقف ولو شرط شيئا
  إلى الواقف يوم انقراضهم: كابن
 البنت وإن كان هناك ابن..."
Page_V01P404,Page_V01P403,662.3978,136.7338,0.2064,0.0055," 000000000000000000000000000000000
  ويصح على المعدوم تبعا للموجود:
 كوقفته على ..."," وشرط له تأبيد وتنجيز وإمكان تمليك,
  وقال الشيخ أبو محمد: وكذا لو أخذ
 من الناس..."
Page_V01P465,Page_V01P667,722.1792,89.0292,0.1233,0.0032," وينقل ضد كل ولاية لأبعد
  هذا هو المذهب للخبر الصحيح ""لا
 نكاح إلا بولي مرشد"" [..."," ولو بعوض ولو أعتق حاملا تبعها أو مشتركا أو نصيبه
 عتق نصيبه وسرى بالإعتاق لما أ..."
Page_V01P629,Page_V01P600,661.9177,97.688,0.1476,0.003," 000000000000000000000000000000000
  ويستحب كتاب به يذكر فيه ما يتميز
 به المحكو..."," مستطيع له سلاح وحرم سفر بلا إذن غريم
  سيده لنقصه.
 مستطيع له سلاح فلا يجب على ..."
Page_V01P207,Page_V01P280,690.1357,105.8737,0.1534,0.0031," وتطيب,
  قال شيخنا: وإرسالها بين الكتفين
 أفضل منه على الأيمن.
 ولا أصل في اختي..."," وستة من شوال وأيام البيض والاثنين والخميس.
  وفي الأم: لا بأس أن يفرده.
 وأما أ..."
Page_V01P316,Page_V01P311,691.2399,116.8035,0.169,0.003," 00000000000000000000000000000000
  تتمة [في بيان حكم نذر المقترض
 لمقرضه] اختلف..."," بلفظ منجز ك: لله علي كذا أو علي كذا أو نذرت كذا أو
 معلق,
  مسكين ما لم يعين شخ..."
Page_V01P278,Page_V01P214,627.0114,195.1606,0.3113,0.1061," . . . . . . . . . . . . . . . . . . . . . . . . . .
 . . . . . . .
  فيضر مالم ..."," . . . . . . . . . . . . . . . . . . . . . . . . . .
 . . . . . . .
  بحيث تبتل ..."
Page_V01P633,Page_V01P644,786.8225,127.946,0.1626,0.002," أو دين ذكر جنس ونوع وقدر وبعين صفة وبعقار جهة وحدود
 وبنكاح ولي وشاهدين عدول وب..."," ولو ادعوا مالا لمورثهم وأقاموا شاهدا وحلف بعضهم أخذ
 نصيبه ولا يشارك فيه.
  تنب..."
Page_V01P587,Page_V01P588,721.4566,96.2755,0.1334,0.0057," بضرب أو حبس وعزر أب ومأذونه صغيرا وزوج لحقه.
  بمن ذكر وقيل: هم أصحاب الصغائر
 ..."," 000000000000000000000000000000000
  أنه لا يضر بها على ترك الصلاة
 وأفتى بعضهم ..."
Page_V01P405,Page_V01P427,615.223,123.9704,0.2015,0.0047," لا قبول ولو من معين ولو انقرض في منقطع آخر فمصرفه
 الأقرب
  ببطلان الوقف حينئذ...."," مع قبول معين بعد موت موص,
  وصرح جمع متأخرون بصحة قوله لمدينة
 إن مت فأعط فلانا..."
Page_V01P637,Page_V01P664,700.168,159.1408,0.2273,0.0056," أو مالا كفاه: لا تستحق علي شيئا,
  جزء منها فلا بد أن يطابق الإنكار
 واليمين دع..."," 000000000000000000000000000000000
  وكفارة أو ترك مستحب أو فعل مكروه
 سن حنثه و..."
Page_V01P252,Page_V01P224,679.2387,105.9775,0.156,0.0062," 000000000000000000000000000000000
  الوجوب ومن المتوطنين أولى ولو
 أعطى اثنين م..."," وأن لا يتقدم عليه وتصح على غائب عن بلد
  وتعذر إخراجه وطهره لم يصل عليه
 على ال..."
Page_V01P384,Page_V01P385,683.3299,146.6647,0.2146,0.0081," 00000000000000000000000000000
  لهما ولا أجرة أن يكتري العامل نصف
 الأرض بنصف ا..."," مباح بلفظ يشعر بإذن فيه كأعرتك وعلى مستعير ضمان
 قيمة يوم تلف
  مباح فلا يصح إع..."
Page_V01P135,Page_V01P136,740.1662,159.2516,0.2152,0.0052," وقيامه وصلاة على النبي بعدهما وصلاة على آل بعد أخير
 وقنوت ولشك فيه ولو نسي بعض..."," مأموما سهوا بل عليه عود,
  مأموما فلا تبطل صلاته إذا انتصب
 أو سجد وحده سهوا بل..."
Page_V01P145,Page_V01P144,789.2947,149.0776,0.1889,0.0031," أو نحوه أو بحرف مفهم,
  ومثلها كل واجب قولي كتشهد أخير
 وصلاة فيه فلا تبطل بظهو..."," وبنطق بحرفين ولو في تنحنح لغير تعذر قراءة واجبة
  لسان لأنها تابعة لمحالها المس..."
Page_V01P269,Page_V01P270,686.9455,130.3966,0.1898,0.0012," يباح فطر بمرض مضر وفي سفر قصر ولخوف هلاك ويجب قضاء
 كرمضان,
  اعتمده وكذا فاسق ..."," وإمساك فيه إن أفطر بغير عذر أو بغلط وعلى من أفسده
 بجماع كفارة معه,
  وكفارة بم..."
Page_V01P038,Page_V01P272,797.3117,119.096,0.1494,0.0186," ويؤمر مميز بها لسبع ويضرب عليها لعشر كصوم أطاقه,
  قول أنها تفعل عنه أوصى بها أ..."," 000000000000000000000000000000000
  والجديد: عدم جواز الصوم عنه مطلقا
 بل يخرج ..."
Page_V01P262,Page_V01P261,680.7205,128.827,0.1893,0.003," وتعيين,
  قال شيخنا: ولو شك هل وقعت نيته
 قبل الفجر  أو بعده؟ لم تصح لان الأصل ..."," على مكلف مطيق له وفرضه نية لكل يوم وشرط لفرضه تبييت
  وإنما يجب صوم رمضان على ك..."
Page_V01P361,Page_V01P360,722.2339,166.8427,0.231,0.001," وباع وكيل بثمن مثل حالا
  كذا فلو تصرف بعد وجود الشرط
 المعلق كأن وكله بطلاق زو..."," ويمين وعبادة بإيجاب كوكلتك أو بع
  ولا في يمين لأن القصد بها تعظيم
 الله تعالى ..."
Page_V01P479,Page_V01P478,775.4833,151.7866,0.1957,0.002," وسليمة من حرف دنيئة ومن عيب نكاح كجنون وجذام
  غيرها من بقية العرب ولا هاشمية أ..."," 000000000000000000000000000000
  النكاح بالإذن لان المأذون له لا
 يملك ولضعف ال..."
Page_V01P354,Page_V01P504,573.5618,100.2403,0.1748,0.0025," 0000000000000000000000000000000000
  وقيس بولي اليتيم فيما ذكر: من جمع
 مالا لف..."," 000000000000000000000000000000000
  وأفتى أبو زرعة فيمن سأل زوج بنته
 قبل الوطء..."
Page_V01P346,Page_V01P365,724.1213,117.6188,0.1624,0.0021," واليد لمرتهن وهي أمانة وصدق في تلف لا رد.
  واليد في المرهون لمرتهن بعد لزوم
 ا..."," وهو أمين
  وقوله لوكيله في شيء افعل فيه ما
 شئت أو كل ما تفعله جائز ليس إذنا في..."
Page_V01P189,Page_V01P191,654.2024,117.5905,0.1797,0.0059," ولا بمقتد ولا قارئ بأمي,
  المأموم كشافعي اقتدى بحنفي مس
 فرجه دون ما إذا افتصد..."," ولو اقتدى بمن ظنه أهلا فبان خلافه أعاد لا ذا حدث أو
 خبث وصح اقتداء سليم بسلس,
..."
Page_V01P642,Page_V01P634,601.8195,142.4323,0.2367,0.0116," 000000000000000000000000000000000
  يصدقه ولا أقام بينة بأنه اشتراه
 من المدعي ..."," وتلغو بتناقض كشهادة خالفت ومن قامت عليه بينة ليس له
 تحليف المدعي وأمهله
  تفصي..."
Page_V01P073,Page_V01P071,662.4007,149.9932,0.2264,0.0056," 000000000000000000000000000000000
  قبل على الأصح وهي ماء أبيض متردد
 بين المذي..."," ولا يجب اجتناب النجس كروث وبول ولو من مأكول ومذي,
  والسقف كذلك إن قرب منه بحيث..."
Page_V01P589,Page_V01P609,605.5589,101.6296,0.1678,0.0042," 
 | فصل في الصيال
 يجوز دفع صائل على معصوم بل يجب عن بضع ونفس قصدها كافر,
  فصل..."," هو فرض كفاية
  في النار"" [أبو داود رقم: 3573,
 الترمذي رقم: 1322, ابن ماجه, رقم..."
Page_V01P097,Page_V01P098,639.331,91.8597,0.1437,0.0083," ولعاجز شق عليه قيام صلاة قاعدا
  ولعاجز شق عليه قيام بأن لحقه به
 مشقة شديدة بح..."," كمتنفل.
 | 4- 
 وقراءة فاتحة كل ركعة إلا ركعة مسبوق
  من الإيماء إلى الركوع إن ..."
Page_V01P042,Page_V01P045,636.1624,95.2517,0.1497,0.0064," ومتغير كثيرا بخليط طاهر غني عنه
  فرع لو أدخل المتوضئ يده1 بقصد
 الغسل عن الحدث..."," ضارا 4- وحائل كنورة  5- ودخول وقت لدائم حدث.
  ضارا كزعفران وصندل خلافا لجمع.
 ..."
Page_V01P306,Page_V01P307,734.7389,151.1583,0.2057,0.0361," 000000000000000000000000000000000
  فيحرم ما مات بثقل ما أصابه من
 محدد أو غيره..."," 000000000000000000000000000000000
  ويسن أن يقطع الود جين وهما عرقا
 صفحتي عنق ..."
Page_V01P340,Page_V01P229,770.0298,130.7664,0.1698,0.0041," الإقراض سنة بإيجاب كأقرضتك,
  الإقراض وهو تمليك شيء على أن يرد
 مثله.
 سنة لأن ..."," وسلام.
  ويسن كما نص عليه أن يقرأ من
 القرآن ما تيسر على القبر فيدعو له مستقبلا..."
Page_V01P580,Page_V01P076,763.5676,132.0707,0.173,0.0138," 000000000000000000000000000000000
  أصحابنا المسكر من عصير العنب وإن
 لم يقذف ب..."," وكمسكر مائع,
  ينزع ما في جوفه أي من المستقذرات.
 وظاهره: لا فرق بين كبيره وصغي..."
Page_V01P549,Page_V01P554,611.4022,101.9133,0.1667,0.0433," 000000000000000000000000000000000
  للعجز عن تسليم العوض مع بقاء
 المعوض بحاله ..."," 000000000000000000000000000000000
  إن تخللت ثلاثة وجب الاستئناف أو
 أقل فلا كم..."
Page_V01P392,Page_V01P542,561.1323,93.1347,0.166,0.0036," 000000000000000000000000000000000
  أو نائبه.
 ونقلوا عن العبادي وأقره: أنه لو ..."," وتسقط بنشوز
  مهمات: من شرح المنهاج لشيخنا: لو
 اشترى حليا أو ديباجا لزوجته وزي..."
Page_V01P622,Page_V01P623,629.0239,143.494,0.2281,0.0023," ونقض حكما بخلاف نص أو إجماع أو بمرجوح,
  قال في العباب: يجوز لغير القاضي
 أخذ ه..."," ولا يقضي بخلاف علمه,
  وجعل ذلك من الحكم بخلاف ما أنزل
 الله لان الله تعالى أوج..."
Page_V01P114,Page_V01P106,769.2885,131.2857,0.1707,0.001," وجهر به إمام وأمن مأموم سمع وكره لإمام تخصيص نفسه
 بدعاء.
 | 7- 
 وسجود مرتين ع..."," وفي الأوليين لغير مأموم سمع,
  وترك السورة جائز ومقتضى كلام
 الإمام الحرمة1.
 و..."
Page_V01P364,Page_V01P475,730.2729,170.5508,0.2335,0.0058," ولا توكيل بلا إذن فيما يتأتى منه,
  يمكنه الإشهاد على أنه أدى عنه
 ليرجع أو إخب..."," ولزوج توكيل في قبوله.
  فرع لو استخلف القاضي فقيها في
 تزويج امرأة لم يكف استخل..."
Page_V01P612,Page_V01P613,762.8287,135.6073,0.1778,0.0046," فإن ولى سلطان أو ذو شوكة غير أهل نفذ,
  فإن ولى سلطان ولو كافرا أو ذو
 شوكة غير..."," 000000000000000000000000000000000
  فرع: يندب للإمام إذا ولى  قاضيا أن
 يأذن له..."
Page_V01P110,Page_V01P116,747.5698,201.3387,0.2693,0.0093," وسن تسوية ظهر وعنق وأخذ ركبتيه بكفيه وقول سبحان ربي
 العظيم وبحمده ثلاثا.
  وسن..."," وسن وضع أنف وقول سبحان ربي الأعلى وبحمده ثلاثا.
  يجب كما اقتضاه كلام الشيخين ...."
Page_V01P054,Page_V01P056,632.016,73.9269,0.117,0.005," ودلك أعضاء وتخليل لحية كثة وأصابع وإطالة الغرة
 وتحجيل,
  ولا يسن مسح الرقبة إذ..."," وتيامن وولاء وتعهد موق,
  وتيامن أي تقديم يمين على يسار في
 اليدين والرجلين ولن..."
Page_V01P241,Page_V01P536,618.2711,102.0441,0.165,0.0014," إن فضل عن قوت ممون يوم عيد وليلته وعن دين ما يخرجه
 فيها,
  نوى الرجوع.
 وفطرة ..."," مد طعام على معسر ولو مكتسبا ورقيق ومدان على موسر
 ومد ونصف على متوسط,
  وتصدق ف..."
Page_V01P541,Page_V01P538,727.3174,130.3009,0.1792,0.003," ولو معارا وإخدام حرة تخدم,
  ولو معارا ومكترى ولو سكن معها في
 منزلها بإذنها أو..."," وملح وماء شرب ومؤنة وآلة وقميص وإزار وخمار ومكعب
  مرتين فالجمعة والثلاثاء والن..."
Page_V01P356,Page_V01P355,667.5672,97.9775,0.1468,0.0122," 000000000000000000000000000000000
  تصح الحوالة وإن كذبهما المحتال في
 الحرية و..."," وبرضا محيل ومحتال ويلزم بها دين محتال محالا عليه
 فإن تعذر أخذه منه بفلس أو جحد..."
Page_V01P375,Page_V01P453,732.5162,90.1052,0.123,0.0099," في منفعة متقومة معلومة واقعة للمكتري غير متضمن
 لاستيفاء عين قصدا,
  وعلف ولا ا..."," 000000000000000000000000000000000
  هذا إن فهم كل كلام نفسه وكلام
 الآخر والشاه..."
Page_V01P458,Page_V01P457,684.4689,155.8428,0.2277,0.0011," أو مصاهرة فتحرم زوجة أصل وفصل وأصل زوجة
  وشرط شهادة الرضاع ذكر وقت الرضاع
 وعد..."," 00000000000000000000000000000000000000
  تنبيه [في بيان شروط الرضاع]
 الرضاع ال..."
Page_V01P168,Page_V01P161,686.0358,111.5302,0.1626,0.002," والتراويح.
  في الخطبة ويستقبل القبلة حالة
 الدعاء بعد صدر الخطبة الثانية أي نح..."," 000000000000000000000000000000000
  خبر: ولا تشبهوا الوتر بصلاة
 المغرب [كنز ال..."
Page_V01P249,Page_V01P253,725.3439,121.1413,0.167,0.0021," 000000000000000000000000000000000
  لا يمنع فقرها وصوبه شيخنا.
 والمسكين: من قد..."," ولو أعطاها لكافر أو من به رق أو هاشمي أو مطلبي أو
 غني أو مكفي بنفقة قريب لم يج..."
Page_V01P577,Page_V01P543,749.6608,112.4939,0.1501,0.0066," وأخر رجم لوضع حمل وفطام ويثبت بإقرار وبينة ولو أقر
 ثم رجع
  ويجاب لشرب لا أكل ..."," ولو ساعة بمنع من تمتع لا لعذر,
  الزوج وإن لم تأثم كصغيرة ومجنونة
 ومكرهة ولو س..."
Page_V01P040,Page_V01P046,612.6985,90.6224,0.1479,0.0058," 
 | فصل في شروط الصلاة
 شروط الصلاة خمسة:
 أحدها: طهارة عن حدث وجنابة.
 فالأولى..."," وفروضه: 1- نية فرض وضوء عند غسل وجه,
  لصلاة جمعة ويكفي واحد لهما لغيره
 ويجب ع..."
Page_V01P400,Page_V01P401,602.8322,108.8941,0.1806,0.0096," 0000000000000000000000000000
  ولو أهدي لمن خلصه من ظالم لئلا
 ينقص ما فعله لم ..."," صح وقف عين مملوكة تفيد وهي باقية بوقفت وسبلت كذا 
 على كذا,
  فيها شروط: منها أ..."
Page_V01P431,Page_V01P430,698.4852,123.9044,0.1774,0.0011," وبيع ورهن وعرض عليه وغراس وتنفع ميتا صدقة ودعاء.
  مقدم على المحتمل.
 وبنحو بيع..."," وتبطل برجوع بنحو نقضتها و: هذا لوارثي,
  ولو أوصى لا علم الناس اختص
 بالفقهاء أ..."
Page_V01P381,Page_V01P382,755.3407,147.5313,0.1953,0.001," وإن لم يستوف وتنفسخ بتلف مستوفى  منه معين في مستقبل,
  الاستيفاء في المقدرة بعم..."," ولو اختلفا في أجرة أو مدة تحالفا وفسخت.
  ويجوز لمستأجر الدابة مثلا منع
 المؤجر..."
Page_V01P659,Page_V01P658,773.1143,171.0381,0.2212,0.0021," فيقول أنا شاهد بكذا وأشهدك على شهادتي وتبيين فرع
 جهة تحمل وتسميته إياه.
  فيقو..."," وتقبل شهادة على شهادة في غير عقوبة لله بتعسر أداء
 أصل واسترعائه,
  تنبيه: يتعي..."
Page_V01P321,Page_V01P462,729.5222,131.8282,0.1807,0.0011," وشرط في بيع مطعوم ونقد بجنسه حلول وتقابض قبل تفرق
  مهمة [في بيان حكم من تصرف ف..."," وعدم تعينهما للولاية وصح بمستوري عدالة,
  ومعرفة لسان المتعاقدين.
 وعدم تعينهما..."
Page_V01P115,Page_V01P102,690.2843,90.1485,0.1306,0.0046," مع تنكيس بوضع بعض جبهته بكشف وتحامل وركبتيه وبطن
 كفيه وأصابع قدميه,
  كطرف من ..."," واستأنف قبله وسن بعد تحرم  افتتاح ما لم يشرع
  واستأنف وجوبا إن شك فيه قبله أي
..."
Page_V01P499,Page_V01P426,559.4545,81.5737,0.1458,0.004," 000000000000000000000000000000
  ويسقط بذلك القسم ومنه امتناعهن
 إذا دعاهن إلى ..."," ب أعطوه كذا أو هو له بعد موتي وب: أو صيت له.
  بغير وصية ولا يأثم بذلك.
 وبعين ..."
Page_V01P455,Page_V01P459,739.9254,123.9964,0.1676,0.001," وفي الزوجة خلو من نكاح وعدة وتعيين وعدم محرمية بنسب
 فيحرم نساء قرابة غير ولد ع..."," وكذا فصلها إن دخل بها.
  الدخول بهن أن يكون العقد صحيحا.
 وكذا فصلها أي الزوجة ..."
Page_V01P281,Page_V01P310,639.0411,122.3564,0.1915,0.0033," 000000000000000000000000000000000
  فرع [في بيان أن صوم هذه الأيام
 المتأكد يند..."," النذر: التزام مكلف قربة لم تتعين
  ما زاد هذا إن توقع معرفة أربابه
 وإلا صار لب..."
Page_V01P560,Page_V01P562,692.6863,95.9455,0.1385,0.004," وقصدهما بغيره شبه  عمد,
  لا: كتجويع وسحر.
 وقصدهما أي الفعل والشخص بغيره أي غي..."," وعدم قصد أحدهما فخطأ ولو وجد من شخصين معا فعلان
 مزهقان مذففان كحز وقد أو لا كق..."
Page_V01P059,Page_V01P124,684.5,121.8201,0.178,0.0011," وليقتصر حتما على واجب لضيق وقت أو قلة ماء وندبا
 لإدراك جماعة.
  فائدة يحرم الت..."," ولو سها غير مأموم بترك ركن أو شك أتى به إن كان قبل
 فعل مثله وإلا أجزأه وتدارك...."
Page_V01P215,Page_V01P203,710.9036,114.6414,0.1613,0.0054," وتكفينه بساتر عورة,
  المرجح لو تعذر غسل ما تحت القلفة
 بأنها لا تتقلص إلا بجرح..."," وولاء بينهما وسن لمريدها غسل بعد فجر
  وولاء بينهما وبين أركانهما
 وبينهما وبين..."
Page_V01P548,Page_V01P551,597.3554,96.7792,0.162,0.0016," 
 | فرع في فسخ النكاح
 لزوجة مكلفة فسخ نكاح من أعسر بأقل نفقة أو كسوة أو بمسكن ..."," لا قبل ثبوت إعساره
  النفقة لعدم مال حاضر مع عدم إمكان
 أخذها منه حيث هو بكتاب ..."
Page_V01P184,Page_V01P183,787.4982,139.1177,0.1767,0.003," وبأكثر من ثلاثة أركان طويلة بعذر أوجبه كإسراع إمام
 قراءة وانتظار مأموم سكتته ف..."," وموافقة في سنن تفحش مخالفة فيها وعدم تخلف عن إمام
 بركنين فعليين بلا عذر مع تعم..."
Page_V01P396,Page_V01P351,773.857,162.4541,0.2099,0.0138," ولأصل رجوع فيما وهب لفرع إن بقي في سلطنته بنحو:
 رجعت,
  ولأصل ذكر أو أنثى من ج..."," 00000000000000000000000000000000000
  متاعه إن وجد في ملكه ولم يتعلق به
 حق لاز..."
Page_V01P123,Page_V01P290,675.9655,99.0914,0.1466,0.0034," 14- وترتيب بين أركانها,
  تنبيه يسن لكل من الإمام والمأموم
 والمنفرد أن ينوي ال..."," 5- وجعل البيت عن يساره 6- وكونه سبعا وسن أن يفتتح
 باستلام الحجر ويستلمه في كل ..."
Page_V01P379,Page_V01P380,738.2737,109.8343,0.1488,0.0052," كأجير فلا ضمان إلا بتقصير
  المسمى للشهر الأول وأجرة المثل
 للشهر الثاني.
 قال ..."," ولا أجرة بلا شرط وتقررت عليه بمضي مدة
  ولو اكترى عبدا لعمل معلوم ولم
 يبين موض..."
Page_V01P452,Page_V01P454,708.418,150.4653,0.2124,0.0011," وشرط فيها إيجاب من الولي وهو كزوجتك أو أنكحتك وقبول
 متصل به كتزوجتها أو نكحتها..."," لا مع تعليق وتأقيت,
  فلو أوجب ثم رجع عن إيجابه أو رجعت
 الآذنة في إذنها قبل ال..."
Page_V01P219,Page_V01P218,622.017,85.5572,0.1375,0.0011," وكره بناء له أو عليه ووطء عليه إلا لضرورة.
  شيخانا ابن حجر وزياد.
 وكره بناء ل..."," 0000000000000000000000000000000000
  ويحرم دفنه بلا شيء يمنع وقوع
 التراب عليه...."
Page_V01P335,Page_V01P336,733.0343,157.2503,0.2145,0.0024," 
 | فصل في بيع الأصول والثمار
 يدخل في بيع أرض ما فيها من بناء وشجر وفي بستان أ..."," وفي شجر عرق وغصن رطب لا مغرسه وثمر ظهر ويبقيان وفي
 دابة حملها.
  وفي بيع شجر ر..."
Page_V01P570,Page_V01P517,585.5395,98.0737,0.1675,0.0033," 
 | باب في الردة
 الردة: قطع مكلف إسلاما بكفر عزما أو قولا أو فعلا باعتقاد أو ع..."," وصدق مدعي إكراه أو إغماء أو سبق لسان بيمينه إن كان
 ثم قرينه وإلا فلا.
  فائدة ..."
Page_V01P064,Page_V01P063,624.1442,90.4594,0.1449,0.0024," والثانية الغسل.
  مصحف لحاجة تعلمه ودرسه ووسيلتهما
 كحمله للمكتب والإتيان به لل..."," بكبر لا مع محرمية ولا يرتفع يقين وضوء أو حدث بظن
 ضده.
  بنحو خروج ريح منه في ح..."
Page_V01P031,Page_V01P035,608.754,111.0219,0.1824,0.0015," 
 | مقدمة
 ...
 بسم الله الرحمن الرحيم
  الحمد لله الفتاح الجواد المعين
 على ال..."," وسميته ب قرة العين بمهمات الدين راجيا من الرحمن أن
 ينتفع به الأذكياء وأن تقربه..."
Page_V01P666,Page_V01P608,620.7623,95.3683,0.1536,0.0027," 
 | باب في الإعتكاف
 ...
 باب في الإعتاق
 صح عتق مطلق تصرف بنحو أعتقتك أو حررتك..."," 0000000000000000000000000000000
  إلى سيده فإن لم يعتقه باعه الإمام
 من مسلم أو..."
Page_V01P515,Page_V01P512,633.8921,170.8664,0.2696,0.0051," ويقع طلاق الوكيل ب: طلقت ولو قال لآخر أعطيت طلاق
 زوجتي فهو توكيل,
  غير موطوءة..."," واعتدي وخذي طلاقك ولا حاجة لي فيك وذهب طلاقك أو سقط
 طلاقك وطلاقك واحد لا كطلاق..."
Page_V01P498,Page_V01P169,649.619,78.2145,0.1204,0.0023," وهجر مضجعا وضربها بنشوز.
  فيهما لقوله صلى الله عليه وسلم:
 ""سبع للبكر وثلاث لل..."," 0000000000000000000000000000000000
  وأن يكثر فيه من الدعاء
 والاستغفار.
 ونصفه..."
Page_V01P520,Page_V01P521,577.6005,101.3312,0.1754,0.0052," 00000000000000000000000000000000
  بشهادة رجلين حرين عدلين فلا يحكم
 بوقوعه بشه..."," قبل انقضاء عدة ب: راجعت زوجتي,
  قبل انقضاء عدة فلا يصح رجوع
 مفارقة بغير طلاق ..."
Page_V01P327,Page_V01P317,721.6641,110.7366,0.1534,0.0032," واحتكار قوت وسوم على سوم بعد تقرر ثمن ونجش.
  وقطاع طريق ومعاملة من بيده حلال
 ..."," يصح بإيجاب كبعتك وملكتك ذا بكذا وقبول كاشتريت وقبلت
 هذا بكذا,
  [2 سورة البقرة..."
Page_V01P053,Page_V01P274,660.258,90.0474,0.1364,0.0034," فمضمضة فاستنشاق وجمعهما بثلاث غرف ومسح كل رأس
 والأذنين,
  الطعام والسواك أفضل ..."," وغسل عن نحو جنابة قبل فجر وكف شهوة,
  الحلو أفضل من الماء ضعيف كقول
 الأذرعي: ا..."
Page_V01P092,Page_V01P263,700.3108,122.5454,0.175,0.001," فيجب فيها قصد فعلها وتعيينها ولو نفلا ونية فرض فيه
 كأصلي فرض الظهر,
  فيجب فيه..."," وأكملها نويت صوم غد عن أداء فرض رمضان هذه السنة لله
 تعالى ويفطر عامد عالم
  وس..."
Page_V01P147,Page_V01P146,662.3129,119.4145,0.1803,0.0012," أو سبق لسان أو جهل تحريمه لقرب إسلام أو بعد عن
 العلماء وبمفطر,
  وخرج بيسير تن..."," لا بيسير نحو تنحنح لغلبة وكلام بسهو,
  التلفظ بنية صوم أو اعتكاف لأنها
 لا تتوق..."
Page_V01P502,Page_V01P503,707.8205,149.8649,0.2117,0.006," وشرط فور في إن أعطيتني.
  فللفور فتطلق بمضي زمن يمكن فيه
 الإعطاء فلم تعطه.
 وش..."," 000000000000000000000000000000000
  الجهل بقدره فإن زوجت صغيرة صدقت
 بيمينها أو..."
Page_V01P259,Page_V01P260,671.9663,106.2666,0.1581,0.0069," 
 | باب الصوم
 | مدخل
 ...
 باب الصوم
 يجب صوم رمضان
  باب الصوم
 وهو لغة: الإم..."," 000000000000000000000000000000000
  مطلعه: سواء أول رمضان وآخره على
 الأصح.
 وا..."
Page_V01P049,Page_V01P048,617.4198,161.47,0.2615,0.0286," 5- وغسل رجليه بكل كعب,
  قال البغوي: ينبغي أن لا يجزئ أقل
 من قدر الناصية وهي م..."," 3- وغسل يديه بكل مرفق 4- ومسح بعض رأسه,
  ويسن غسل كل ما قيل إنه ليس من
 الوجه1..."
Page_V01P603,Page_V01P602,683.5029,92.5737,0.1354,0.0371," ويرق ذراري كفار بأسر,
  الانصراف مطلقا.
 وحرم جمع مجتهدون الانصراف مطلقا إذا بل..."," ومن دون مسافة قصر منها وحرم انصراف عن صف إذا لم
 يزيدوا على مثلينا,
  رجي ولو ق..."
Page_V01P641,Page_V01P640,733.2978,184.7058,0.2519,0.004," وبشاهدين على شاهد مع يمين لا بزيادة شهود ولا مؤرخة
 على مطلقة,
  وترجح بشاهدين ..."," وترجح بتاريخ سابق
  وترجح البينة بتاريخ سابق فلو شهدت
 البينة لأحد المتنازعين ف..."
Page_V01P175,Page_V01P173,692.2645,107.4866,0.1553,0.001," وتحرم بحضوره واشتغال به عقب تحرم إمامه,
  بانتظارهم فضيلة أول الوقت أو وقت
 الا..."," أو تعطل مسجد منها,
  وكذا لو كان لا يعتقد وجوب بعض
 الأركان أو الشروط وإن أتى ب..."
Page_V01P363,Page_V01P330,690.0874,118.5594,0.1718,0.0011," وليس له شراء معيب ووقع له إن علم
  الشرط ولو للمشتري وحده ولم يرض
 بالزيادة فسخ..."," ويحصل فسخ بنحو فسخت وإجازة بنحو أجزت ولمشتر جاهل
 خيار بعيب قديم كاستحاضة وسرقة..."
Page_V01P610,Page_V01P649,698.6135,98.2905,0.1407,0.0064," وشرط قاض كونه أهلا للشهادات كافيا مجتهدا,
  ويشترط القبول لفظا وكذا فورا في
 ال..."," وعدم تهمة فترد لرقيقه ولبعضه لا عليه,
  إشارة غيرك المحصور المعين ولو عند
 بعض ..."
Page_V01P625,Page_V01P358,742.2917,117.4574,0.1582,0.0058," وله حلف على استحقاق اعتمادا على خط مورثه إن وثق
 بأمانته والقضاء على غائب جائز ..."," 000000000000000000000000000000000
  وركاب السفينة ضامنون لأنه ليس
 ضمانا حقيقة ..."
Page_V01P395,Page_V01P393,685.5436,142.0325,0.2072,0.0094," وتلزم بقبض
  وتلزم أي الهبة
 بأنواعها الثلاثة: بقبض فلا تلزم بالعقد بل بالقبض ع..."," بلا تعليق
  في عرفنا وما يدفعه إليها إذا غضبت
 أو تزوج عليها فإن ذلك تملكه المر..."
Page_V01P665,Page_V01P638,675.1687,117.1936,0.1736,0.0051," 000000000000000000000000000000000
  التورية والتأويل لان خصمه ظالم إن
 علم أو م..."," وإذا ادعيا شيئا في يد ثالث وأقاما بينة سقطتا أو
 بيدهما فهو لهما أو بيد أحدهما ..."
Page_V01P198,Page_V01P197,636.2142,157.7898,0.248,0.0194," 4- وفي وقت ظهر,
  بين أن يحضروا البلد للجمعة وبين
 أن يقيموها في قريتهم وإذا حض..."," وبمحل معدود من البلد,
  ولا تنعقد الجمعة بأقل من أربعين
 خلافا لأبي حنيفة رحمه ..."
Page_V01P085,Page_V01P582,737.9868,101.335,0.1373,0.0031," وثالثها: ستر رجل وأمة ما بين سرة وركبة,
  القبلة ولا يستدبرها ويحرمان في
 غير ا..."," سرق ربع دينار أو قيمته من حرز لا مغصوبا أو فيه
  سرق أي أخذ خفية.
 ربع دينار أي..."
Page_V01P077,Page_V01P074,604.0618,70.5869,0.1169,0.0052," وككلب وخنزير,
  نهاية الحموضة وإن قذفت بالزبد.
 ويطهر جلد نجس بالموت باندباغ نق..."," 000000000000000000000000000000000
  قال شيخنا كالسيوطي تبعا لبعض
 المتأخرين إنه..."
Page_V01P657,Page_V01P656,763.9064,127.7891,0.1673,0.0037," وعلى ملك به أو بيد وتصرف تصرف ملاك مدة طويلة.
  سمعت الناس يقولون كذا بل يقول
 ..."," وله بلا معارض شهادة على نسب وعتق ونكاح وملك بتسامع
 من جمع يؤمن كذبهم,
  حال صد..."
Page_V01P353,Page_V01P342,588.1467,79.093,0.1345,0.0038," 000000000000000000000000000000000
  وله بيع ماله نسيئة لمصلحة وعليه
 أن يرتهن ب..."," وملك مقترض بقبض ولمقرض استرداد
  إقراض مال المحجور عليه بلا ضرورة
 لكثرة أشغاله..."
Page_V01P226,Page_V01P573,703.4386,130.4186,0.1854,0.0036," كغسله وهو من مات في قتال كفار لا أسير قتل صبرا,
  ويطلق لفظ الشهيد على من قاتل
..."," ويستتاب مرتد ثم قتل بلا إمهال.
  تنبيه: ينبغي للمفتي أن يحتاط في
 التكفير ما أم..."
Page_V01P673,Page_V01P599,495.4319,56.8945,0.1148,0.0055," 000000000000000000000000000000000
  يقول المؤلف عفا الله عنه وعن
 آبائه ومشايخه..."," على مكلف ذكر حر
  العاطس المميز عقب عطاسه بأن لم
 يتخلل بينهما فوق سكتة تنفس أو..."
Page_V01P565,Page_V01P563,779.3815,121.4338,0.1558,0.0011," موجب العمد قود والدية بدل وهي مئة بعير مثلثة في عمد
 وشبهه ثلاثون حقة,
  قال شي..."," وشرط في قتيل عصمة وقاتل تكليف
  فرع: لو اندملت الجراحة واستمرت
 الحمى حتى مات ف..."
Page_V01P546,Page_V01P496,591.4956,94.8312,0.1603,0.0062," لا معه.
  ولو سافرت بإذنه لغرضهما معا
 فمقتضى المرجح في الإيمان فيما إذا قال لز..."," غير ناشزة وله دخول في ليل على أخرى لضرورة وفي نهار
 لحاجة
  ويجب على الزوجين أن..."
Page_V01P581,Page_V01P578,584.9112,53.4222,0.0913,0.0016," أربعين حرا بإقراره أو شهادة رجلين ويقطع كوع يمين
 بالغ
  ويكره أكل يسير منها من..."," سقط.
 وحد قاذف محصنا ثمانين ولا يحد أصل,
  سقط الحد لأنه ص عرض لماعز بالرجوع
 ف..."
Page_V01P593,Page_V01P594,727.252,112.9255,0.1553,0.0032," 00000000000000000000000000000000000
  تتمة [في بيان حكم ما تتلفه
 البهائم] من ك..."," ودفع ضرر معصوم وأمر بمعروف وتحمل شهادة وأدائها ورد
  يتعلق بها بحيث يصلح للقضاء..."
Page_V01P334,Page_V01P150,727.0115,103.3066,0.1421,0.0039," وجاز استبدال عن ثمن ودين.
  وشرط في غائب عن محل العقد مع إذن
 البائع في القبض م..."," يسن أذان وإقامة
  تشاوروا فيما يجمع الناس وهي كما
 في سنن أبي داود [رقم: 499, و..."
Page_V01P333,Page_V01P328,793.645,105.9629,0.1335,0.0054," 
 | فصل في حكم المبيع قبل القبض
 المبيع قبل قبضه من ضمان بائع وإتلاف مشتر قبض و..."," فصل [في خيار المجلس والشرط وخيار العيب]
 يثبت خيار مجلس في كل بيع وسقط خيار من ..."
Page_V01P155,Page_V01P190,667.941,104.2378,0.1561,0.0034," ولسامعهما أن يقول ولو غير متوضئ مثل قولهما إن لم
 يلحنا لحنا يغير المعنى إلا في..."," 000000000000000000000000000000000
  ويصح الاقتداء بمن يجوز كونه أميا
 إلا إذا ل..."
Page_V01P535,Page_V01P284,682.7163,124.1042,0.1818,0.0022," يجب لزوجة مكنت ولو رجعية
  يجب المد الآتي وما عطف عليه لزوجة
 أو أمة ومريضة مكن..."," مرة بتراخ
  يأمن معه والراحلة أو ثمنها: إن
 كان بينه وبين مكة مرحلتان أو دونهما..."
Page_V01P397,Page_V01P429,628.1823,109.7641,0.1747,0.0058," وهبة دين للمدين إبراء ولغيره صحيحة.
  ولا يصح تعليق الرجوع بشرط ولو زاد
 الموهو..."," ويعتبر منه عتق علق بالموت وكوقف وهبة,
  ويعتبر منه أي الثلث أيضا عتق علق
 بالمو..."
Page_V01P402,Page_V01P413,705.8447,141.7303,0.2008,0.0059," وجعلت هذا مسجدا
  صدقة لاتباع أو لا توهب أو لا
 تورث: فصريح في الأصح.
 ومن الصر..."," 000000000000000000000000000000000
  لم يبع ولا يعود ملكا بحال لإمكان
 الصلاة وا..."
Page_V01P172,Page_V01P192,638.9141,100.174,0.1568,0.0032," وهي بجمع كثير أفضل إلا لنحو بدعة إمامه
  العبادة أولى من الفضيلة المتعلقة
 بمكا..."," وكره بفاسق ومبتدع.
  وكره اقتداء بفاسق ومبتدع كرافضي
 وإن لم يوجد أحد سواهما ما..."
Page_V01P373,Page_V01P428,761.7247,116.9645,0.1536,0.0026," 000000000000000000000000000000000
  وشرط فيها لفظ يدل على الإذن في
 التصرف بالب..."," لا في زائد على ثلث في مرض مخوف إن رده وارث,
  في الموصي به من الموت : فيحكم
 بت..."
Page_V01P200,Page_V01P448,653.6526,117.2509,0.1794,0.001," 3- ووصية بتقوى الله  فيهما 4- وقراءة آية في إحداهما,
  الحمد للرحمن أو للرحيم.
..."," وخطبة له,
  ويجوز نظر وجه المرأة عند المعاملة
 ببيع وغيره للحاجة إلى معرفتها وت..."
Page_V01P439,Page_V01P440,1069.7591,447.0762,0.4179,0.0009," وقدر الذكر أنثيين إن اجتمعا وأصل كل فريضة فيها
 نصفان أو نصف وما بقي اثنان أو ث..."," أربعة أو سدس وما بقي أو سدس وثلث أو وثلثان أو ونصف
 ستة أو ثمن وما بقي أو ونصف ..."
Page_V01P276,Page_V01P210,662.2413,89.9368,0.1358,0.0012," واعتكاف سيما عشر آخره.
  لحديث ابن عمر1.
 وإكثار عبادة واعتكاف للاتباع سيما بتش..."," ودعاء.
  بذلك فالإكثار منها أفضل من إكثار
 ذكر لم يرد بخصوصه قاله شيخنا.
 ودعاء..."
Page_V01P425,Page_V01P424,700.4596,135.035,0.1928,0.0066," ولوارث مع إجازة ورثته
  تكن فراشا قط لم تصح الوصية قطعا
 لا لحمل سيحدث وإن حدث ..."," ولحمل,
  كترميم ما وهي من الكعبة دون بقية
 الحرم وقيل في الأولى لمساكين مكة.
 ق..."
Page_V01P434,Page_V01P437,962.8185,366.8391,0.381,0.0031," الفروض في كتاب الله: ثلثان لا ثنين من بنت وبنت ابن
 وأخت لأبوين ولأب وعصب كلا أ..."," وابن أخ لأبوين بأب وجد وابن أخ ولأب بهؤلاء وبابن أخ
 لأبوين وما فضل أو الكل لعص..."
Page_V01P204,Page_V01P088,634.9019,71.1852,0.1121,0.0167," وبكور وتزين بأحسن ثيابه,
  تنبيه قال شيخنا: يسن قضاء غسل
 الجمعة كسائر الأغسال ..."," إلى طلوع الشمس.
  لا الكاذب إلى طلوع بعض
 الشمس والعصر هي الصلاة الوسطى لصحة ال..."
Page_V01P409,Page_V01P414,613.3076,122.6394,0.2,0.0035," 000000000000000000000000000000000
  الناظر منه ليحمله على رده.
 وألحق به شرط ضا..."," 000000000000000000000000000000000
  ولا ينقض المسجد إلا إذا خيف على
 نقضه فينقض..."
Page_V01P286,Page_V01P296,758.9531,104.8465,0.1381,0.0032," بين زوال وفجر نحر 3- وطواف إفاضة 4- وسعي سبعا,
  والأفضل للذكر تحري موقفه ص وهو..."," وتلبية وطواف قدوم ومبيت بمنى ليلة عرفة ووقوف بجمع
 وأذكار.
  وتلبية وهي: لبيك ا..."
Page_V01P389,Page_V01P441,606.1287,79.5553,0.1313,0.0138," 
 | فصل [في بيان أحكام الغصب]
 وعلى الغاصب: رد وضمان متمول تلف بأقصى قيمه من حي..."," 000000000000000000000000000000000
  بالمنبرية لان عليا رضي الله عنه
 كان يخطب ع..."
Page_V01P646,Page_V01P645,804.9494,145.9547,0.1813,0.0063," ولغير ذلك ولما يظهر للرجال غالبا كنكاح وطلاق وعتق
 رجلان ولما يظهر للنساء كولاد..."," 
 | فصل في الشهادات
 الشهادة لرمضان رجل ولزنا أربعة ولمال وما قصد به مال كبيع و..."
Page_V01P125,Page_V01P138,662.0765,66.9669,0.1011,0.0036," فرع:
 سن دخول صلاة بنشاط وفراغ قلب وفيها خشوع بقلبه وبجوارحه,
  أما مأموم علم أ..."," ولشك فيما صلاة واحتمل زيادة ولسهو إمام وإن فارقه أو
 ترك لا لسهوه حال القدوة خل..."
Page_V01P211,Page_V01P494,679.8615,93.5185,0.1376,0.0053," وحرم تخط لا لمن وجد فرجة قدامه ونحو مبايعة بعد أذان
 خطبة,
  والدخان والواقعة و..."," 000000000000000000000000000000000
  جاثيا على ركبتيه وظهور قدميه أو
 ينصب رجله ..."
Page_V01P416,Page_V01P415,672.2152,139.1291,0.207,0.0054," ولو شرط واقف نظرا له أو لغيره اتبع وإلا فهو لقاض.
  المسبلة بيعها وصرف ثمنها في..."," 000000000000000000000000000000000
  ولو وقف على دهن لإسراج المسجد به
 أسرج كل ا..."
Page_V01P398,Page_V01P394,589.5798,91.9508,0.156,0.0012," 000000000000000000000000000000000
  فيه معاوضة كأن أبرأتني فأنت طالق
 لا فيما ع..."," الشرط المذكور فإذا أقت بعمر الواهب أو الأجنبي كأعمرتك هذا عمري أو عمر
 فلان.
 ل..."
Page_V01P485,Page_V01P487,618.8742,127.613,0.2062,0.004," وحل لمسلم وطء الكتابية.
  موسر قن لمالكها.
 ولو غر واحد بحرية أمة وتزوجها فأولا..."," ولو أنكح صغيرة أو رشيدة بكرا بلا إذن بدون مهر مثل
 أو عينت له قدرا فنقص عنه صح ..."
Page_V01P047,Page_V01P067,757.5699,104.9212,0.1385,0.0056," 2- وغسل وجهه وهو ما بين منابت رأسه ومنتهى لحييه وما
 بين أذنيه,
  فالأولى أن يف..."," 2- وتعميم بدن حتى الشعر وباطن جدري وما تحت قلفة
 بماء طهور ويكفي ظن عمومه.
 وسن..."
Page_V01P079,Page_V01P408,576.7763,84.2416,0.1461,0.0064," 0000000000000000000000000000000
  وإن أدى إلى تلفه وإن كان ليتيم.
 قال شيخنا: و..."," 000000000000000000000000000000000
  حينئذ والمولى يشمل معتقا وعتيقا.
 تنبيه حيث..."
Page_V01P652,Page_V01P650,605.1987,120.8349,0.1997,0.0203," ومبادر إلا في حق مؤكد لله كطلاق وعتق
  وترد من مبادر بشهادته قبل أن
 يسألها بعد..."," وبما هو محل تصرفه ومن عدو,
  ولا على أبيه بطلاق ضرة أمه طلاقا
 بائنا وأمه تحته ..."
Page_V01P034,Page_V01P032,696.0716,107.3344,0.1542,0.0048," وصحبه الفائزين برضا الله.
 وبعد فهذا مختصر في الفقه على مذهب الغمام الشافعي رحم..."," الحمد لله الذي هدانا لهذا وما كنا لنهتدي لولا أن
 هدانا الله والصلاة والسلام عل..."
Page_V01P318,Page_V01P647,636.1567,96.9491,0.1524,0.0013," بلا فصل وتخلل لفظ أجنبي وتعليق وتأقيت وشرط في عاقد
 تكليف وإسلام لتملك مسلم
  ف..."," وشرط في شاهد تكليف وحرية ومروءة وعدالة
  ولا يثبت ذلك برجل ويمين.
 وسئل بعض أصح..."
Page_V01P456,Page_V01P488,805.1314,126.2374,0.1568,0.0012," أو رضاع فيحرم به من يحرم بنسب,
  ولدتك أو ولدت من ولدك ذكرا كان أو
 أنثى وهي ال..."," ويتشطر بطلاق قبله وصدق نافي وطء وإذا اختلفا في قدره
 أو صفته ولا بينة تحالفا ثم..."
Page_V01P619,Page_V01P616,661.8773,87.3506,0.132,0.0022," وليسو القاضي بين الخصمين,
  حكمه حكمت بكذا لأنه لا يملك إنشاء
 الحكم حينئذ فلا ..."," ويجوز تحكيم اثنين رجلا أهلا لقضاء,
  تتمة [في بيان حكم الاستيفاء] :
 يلزم محتاج..."
Page_V01P443,Page_V01P523,705.1945,71.8564,0.1019,0.0115," | فصل في بيان أحكام اللقطة
 ...
 فصل [في بيان أحاكم اللقطة]
 لو التقط شيئا لا ي..."," 
 | فصل في العدة
 تجب عدة لفرقة زوج حي
  
 وينعقد الإيلاء بالحلف بالله تعالى وب..."
Page_V01P256,Page_V01P432,623.0519,69.8096,0.112,0.0048," ويسن صدقة تطوع
  نعم يجوز التفاوت بين آحاد الصنف
 غير ذوي القربى لا بين الأصناف..."," 000000000000000000000000000000000
  ومعنى نفعه بالصدقة أنه يصير كأنه
 تصدق قال ..."
Page_V01P057,Page_V01P058,730.311,139.646,0.1912,0.0048," واستقبال وترك تكلم وتنشيف والشهادتان عقبه,
  ولا يسن غسل باطن العين بل قال
 بعض..."," وشربه من فضل وضوئه,
  لشيخ المذهب النووي رضي الله عنه.
 وقيل: يستحب أن يقول عند..."
Page_V01P531,Page_V01P524,535.2448,85.874,0.1604,0.007," ولا رجعة بعدها.
  يحسب زمن استفراشه عنها بل تنقطع
 من حين الخلوة ولا يبطل بها م..."," وطئ وإن تيقن براءة رحم ولوطء شبهة بثلاثة قروء على
 حرة تحيض,
  وطئ في قبل أو دب..."
Page_V01P298,Page_V01P304,607.1508,60.1521,0.0991,0.0077," 
 | فصل في محرمات الإحرام
 يحرم بإحرام: وطء وقبلة واستمناء بيد ونكاح وتطيب,
  ف..."," 000000000000000000000000000000000
  لمريدها إزالة نحو شعر في عشر ذي
 الحجة وأيا..."
Page_V01P081,Page_V01P082,710.3508,147.7824,0.208,0.0022," ودمل وإن كثر بغير فعله وقليل غيره وحيض ورعاف,
  لا عن جلده.
 ودم نحو دمل كبثرة ..."," 000000000000000000000000000000000
  ولو تفرق النجس في محال ولو جمع
 كثر كان له ..."
Page_V01P068,Page_V01P069,736.3442,132.2639,0.1796,0.0073," تسمية وإزالة قذر فمضمضة واستنشاق ثم وضوء فتعهد
 معاطف ودلك,
  تسمية أوله وإزالة..."," وتثليث واستقبال ولو أحدث ثم أجنب كفى غسل واحد.
  وتثليث لغسل جميع البدن والدلك
..."
Page_V01P206,Page_V01P182,608.3072,75.4171,0.124,0.0075," وتعمم,
  ويحل مع الكراهة استعمال العاج في
 الرأس واللحية حيث لا رطوبة وإسراج بم..."," 000000000000000000000000000000000
  كانا ببناءين كصحن وصفة من دار أو
 كان أحدهم..."
Page_V01P571,Page_V01P635,753.4901,99.2925,0.1318,0.0009," كنفي صانع ونبي وجحد مجمع عليه وسجود لمخلوق
  مما وقع لائمة من العارفين كابن
 عر..."," ثلاثة ليأتي بدافع ولو ادعى رق بالغ فقال: أنا حر
 أصالة حلف أو صبي ليس في يده لم..."
Page_V01P225,Page_V01P199,681.9991,96.5974,0.1416,0.0074," لا فيها ومدفون غير نبي من أهل فرضها وقت موته وسقط
 الفرض بذكر  وتحرم صلاة على ش..."," 5- ووقوعها بعد خطبتين بأركانهما وهي: 1- حمد الله
 تعالى 2- وصلاة على النبي بلفظ..."
Page_V01P651,Page_V01P422,505.4896,79.7282,0.1577,0.006," 000000000000000000000000000000000
  خصومته فلم يجبه قبلت شهادته عليه.
 تنبيه: ق..."," 000000000000000000000000000000000
  كبدوي جلف فينبغي قبول قوله كما
 قاله شيخنا...."
Page_V01P579,Page_V01P585,738.0455,95.0315,0.1288,0.0022," ويجلد مكلفا عالما شرب خمرا 
  ولو شهد بزنا دون أربعة من الرجال
 أو نساء أو عبيد..."," تعريض برجوع
  لامتناع التلقين عليه.
 تعريض له برجوع عن الإقرار أو بالإنكار فيقو..."
Page_V01P412,Page_V01P130,695.8504,104.2523,0.1498,0.0022," ولا يباع موقوف وإن خرب,
  فائدة ومن سبق إلى محل من مسجد
 لإقراء قرآن أو حديث أو..."," وكره فيها التفات
  فمتى عدل عن رتبة إلى ما دونها مع
 القدرة عليها كانت كالعدم.
..."
Page_V01P257,Page_V01P273,581.7876,60.2306,0.1035,0.0013," كل يوم بما تيسر سرا وبرمضان ولقريب
  والتصدق بالماء أفضل: حيث كثر
 الاحتياج إلي..."," وسن تسحر وتعجيل فطر وبتمر فماء,
  يجعل ثواب عمله وصلاته لغيره
 ويصله. [راجع الص..."
Page_V01P544,Page_V01P545,547.5136,107.1205,0.1956,0.0013," وخروج من مسكن بلا إذن,
  بعد الوطء طائعة فتسقط.
 فلو منعته لذلك بعد وطئها مكرهة..."," وبسفرها بلا إذن أو لغرضها
  ومنها إذا خافت على نفسها أو مالها
 من فاسق أو سارق...."
Page_V01P134,Page_V01P137,676.7234,92.916,0.1373,0.0065," 
 | فصل في أبعاد الصلاة ومقتضى سجود السهو
 ...
 فصل [في أبعاض الصلاة ومقتضي سجو..."," ولنقل قول غير مبطل ولسهو ما يبطل عمده لا هو,
  وخرج بقولي وتلبس بفرض ما إذا لم
..."
Page_V01P522,Page_V01P526,683.8132,117.1689,0.1713,0.0049," ولو تزوج مفارقته بدون ثلاث ولو بعد زوج آخر عادت
 ببقيته.
  ولو ادعى رجعة العدة ..."," ولوفاة على رجعية وغير موطوءة بأربعة أشهر وعشرة أيام
 مع إحداد.
  عبد السلام وال..."
Page_V01P486,Page_V01P540,716.4109,92.654,0.1293,0.0021," سن ذكر صداق في عقد وما صح ثمنا صح صداقا ولها حبس
 نفسها لتقبض غير مؤجل,
  سن ول..."," لا طيب ودواء وعليه مسكن يليق بها
  لرأسها وكذا لبدنها إن اعتيد من
 شيرج أو سمن ..."
Page_V01P513,Page_V01P510,660.3003,174.2267,0.2639,0.0035," وصدق منكر نية بيمينه.
  الأولى فأجاب بأنه لا يقع عليه
 طلاق بما أخبر به ثانيا ع..."," 000000000000000000000000000000000
  طلقت فقط كان كناية لان نعم متعينة
 للجواب و..."
Page_V01P614,Page_V01P558,673.8449,98.1521,0.1457,0.0349," 000000000000000000000000000000000
  فائدة [في بيان التقليد] إذا تمسك
 العامي بم..."," 000000000000000000000000000000000
  إجلاسه معه للأكل.
 ولا يجوز أن يكلفه كالدوا..."
Page_V01P636,Page_V01P630,642.9284,94.6482,0.1472,0.0037," 00000000000000000000000000000000
  فرع: لا تسمع الدعوى بدين مؤجل إذ
 لم يتعلق ب..."," 0000000000000000000000000000000
  المراجعة قبل وقوع الضياع ساغ
 التصرف وليس من ..."
Page_V01P039,Page_V01P574,587.2978,84.7215,0.1443,0.013," وأول واجب على الآباء تعليمه أن نبينا محمدا صلى الله
 عليه وسلم بعث بمكة ودفن با..."," الخلق أو البراءة من كل  دين يخالف دين الإسلام فيزيد المشرك كفرت بما كنت
 أشركت ..."
Page_V01P170,Page_V01P142,659.6389,218.5269,0.3313,0.0952," . . . . . . . . . . . . . . . . . . . . . . . . . .
 . . . . . . .
  فخسوف فاست..."," . . . . . . . . . . . . . . . . . . . . . . . . . .
 . . . . . . .
  1414, التر..."
Page_V01P338,Page_V01P332,777.7878,147.1538,0.1892,0.0056," ولو ادعى بيعا والآخر رهنا حلف كل نفيا وحلف مدعي
 صحة.
  العقد وإن لم يسألاه قطع..."," 000000000000000000000000000000000
  أشهد على الفسخ فإن عجز عن
 الإشهاد: لم يلزم..."
Page_V01P482,Page_V01P481,734.5762,109.5506,0.1491,0.0018," 000000000000000000000000000000000
  أما من ليس لها ولي أصلا فتزويجها
 القاضي لغ..."," ولا يقابل بعضها ببعض ويزوجها بغير كفء ولي لا قاض
 برضا كل.
  ثيبا وادعت ذهابها ..."
Page_V01P090,Page_V01P201,707.9224,87.5386,0.1237,0.0021," وخامسها: استقبال القبلة إلا في شدة خوف ونفل سفر
 مباح.
 وعلى ماش إتمام ركوع وسج..."," 5- ودعاء ولو: رحمكم الله في ثانية وشرط فيهما إسماع
 أربعين الأركان
  وتسن بعد ف..."
Page_V01P654,Page_V01P653,631.1458,121.3529,0.1923,0.0107," واستبراء سنة.
  ويشترط أيضا في صحة التوبة عن
 إخراج صلاة أو صوم أو وقتهما قضاؤه..."," وتقبل من فاسق بعد توبة وهي: ندم بإقلاع وعزم أن لا
 يعود وخروج عن ظلامة آدمي,
  ..."
Page_V01P567,Page_V01P568,729.8189,104.5149,0.1432,0.0011," بثلاث سنين.
 ولو عدمت إبل فقيمتها,
  بثلاث سنين على الغني منهم نصف
 دينار والمت..."," والقود للورثة.
  تنبيه [في بيان ما يتعلق بقطع
 الأطراف من وجوب دية كاملة أو نصف..."
Page_V01P181,Page_V01P277,698.1372,97.9783,0.1403,0.0031," واجتماعهما بمكان فإن كانا بمسجد صح الاقتداء ولو كان
 أحدهما فيه والآخر خارجه  ش..."," 0000000000000000000000000000000000
  ينقضي شهر رمضان: فقد أخذ من ليلة
 القدر بح..."
Page_V01P598,Page_V01P597,659.4415,113.3048,0.1718,0.0145," كتشميت عاطس حمد الله تعالى,
  ومؤذن ومقيم بالإشارة وإلا فبعد
 الفراغ أي إن قرب ..."," 000000000000000000000000000000000
  فروع: يسن إرسال السلام للغائب
 ويلزم الرسول..."
Page_V01P449,Page_V01P506,672.3144,88.4545,0.1316,0.0023," ودينة ونسيبة
  فروع يحرم التصريح بخطبة المعتدة
 من غيره رجعية كانت أو بائنا بطل..."," يقع لغير بائن طلاق مكلف ومتعد بسكر
  امرأة غير سيئة الخلق1 وفي الحديث:
 ""المرأة..."
Page_V01P611,Page_V01P421,794.4333,100.8417,0.1269,0.0025," 000000000000000000000000000000000
  باتصال رواته إليه صلى الله عليه
 وسلم ويسمى..."," وبمجهول وبنسب ألحقه بنفسه بشرط إمكان وتصديق مستلحق
 ولو أقر ببيع أو هبة وقبض وإ..."
Page_V01P525,Page_V01P533,856.4441,187.4349,0.2189,0.0037," وبثلاثة أشهر إن لم تحض أو يئست ومن انقطع حيضها  بلا
 علة لم تتزوج حتى تحيض أو ت..."," وهو لذات أقراء حيضة ولذات أشهر شهر ولحامل لا تعتد
 بالوضع وضعه.
 وتصدق في قولها..."
Page_V01P383,Page_V01P237,750.6494,115.1252,0.1534,0.003," 000000000000000000000000000000000
  ولو استأجر سفينة فدخلها سمك فهل
 هو له أو ل..."," وفي كل خمس إبل شاة إلى خمس وعشرين فبنت مخاض وفي ست
 وثلاثين بنت لبون.
  كان الب..."
Page_V01P491,Page_V01P527,763.0081,145.7735,0.1911,0.0304," 000000000000000000000000000000000
  أصل السنة والمتجه استمرار طلبها
 بعد الدخول..."," 000000000000000000000000000000000
  ويباح إبريسم لم يصبغ وترك التطيب
 ولو ليلا ..."
Page_V01P154,Page_V01P152,656.7649,113.8417,0.1733,0.0097," وتحويل وجهه فيهما يمينا في حي على الصلاة وشمالا في
 حي على الفلاح
  وتحويل وجهه..."," وينادى لجماعة  في نفل الصلاة جامعة وشرط فيهما ترتيب
 وولاء,
  وينادي لجماعة مشر..."
Page_V01P572,Page_V01P663,588.1648,100.4836,0.1708,0.0062," وتردد في كفر
  وخرج بالسجود الركوع لأن صورته تقع
 في العادة للمخلوق كثيرا بخلاف..."," 000000000000000000000000000000000
  ولو قال لغيره أقسمت عليك بالله أو
 أسألك با..."
Page_V01P127,Page_V01P222,650.5572,78.2834,0.1203,0.0023," وذكر ودعاء سرا عقبها,
  وسن ذكر ودعاء سرا عقبها أي الصلاة
 أي يسن الإسرار بهما ..."," 5- وصلاة على النبي بعد ثانية, 6- ودعاء لميت بعد
 ثالثة,
  5- وخامسها: صلاة على ..."
Page_V01P662,Page_V01P131,671.3277,98.3604,0.1465,0.001," 000000000000000000000000000000000
  أو وكتاب الله أو وقرآن الله أو
 والتوراة أو..."," ونظر نحو سماء وبصق أماما ويمينا,
  فلا يكره لحاجة كما لا يكره مجرد
 لمح العين.
..."
Page_V01P128,Page_V01P153,601.7469,85.8762,0.1427,0.0036," 0000000000000000000000000000000
  تجهر بصلاتك ولا تخافت بها} [17
 سورة الإسراء ..."," وجهر لجماعة ووقت لغير أذان صبح وسن تثويب صبح وترجيع
 وجعل مسبحتيه بصماخيه وفيهم..."
Page_V01P359,Page_V01P419,702.3444,123.5675,0.1759,0.002," 
 | باب في الوكالة والقراض
 تصح وكالة في كل عقد وفسخ عليه ولاية لموكل لا إقرار
..."," وفي مقربه أن لا يكون لمقر,
  من ذلك: الإقرار ولو قال اقض الألف
 الذي لي عليك أو..."
Page_V01P314,Page_V01P420,680.3807,92.4986,0.136,0.0031," 00000000000000000000000000000000000
  صرفه في جهة من جهاتها: صرف إليها
 واختصت ..."," وصح إقرار من مريض ولو لوارث,
  فتنافى الإقرار به لغيره: إذ هو
 إقرار بحق سابق.
..."
Page_V01P285,Page_V01P066,611.9564,66.9855,0.1095,0.0074," أركانه: 1- إحرام, 2- ووقوف بعرفة
  فرع تجب إنابة عن ميت عليه نسك من
 تركته كما ..."," 4- ونفاس.
 وفرضه: 1- نية رفع الجنابة أو أداء فرض الغسل مقرونة بأوله,
  وقيل: لا..."
Page_V01P435,Page_V01P489,827.4772,83.378,0.1008,0.0063," ونصف لهن منفردات ولزوج ليس لزوجته فرع وربع له معه
 ولها دونه وثمن لها معه وثلث ..."," وليس لولي عفو عن مهر.
  قال الماوردي والروياني: تقدم الأم
 فالأخت للام فالجدات ..."
Page_V01P233,Page_V01P232,572.1409,133.2176,0.2328,0.007," ولا زكاة في حلي مباح ولو لإجارة إلا بنية كنز.
  وفي الوجيز: يحرم.
 وزاد في الإح..."," وشرط تمام نصاب كل الحول وينقطع بتخلل زوال ملك وكره
 لحيلة.
  الحول وإن ملكه بدو..."
Page_V01P450,Page_V01P514,689.4807,75.2886,0.1092,0.005," وجميلة وبعيدة وبكر وولود أولى.
  وتكره بنت الزنا والفاسق.
 وجميلة أولى: لخبر: ""..."," ولو قال طلقتك ونوى عددا وقع منوي,
  زوجته عمرة لم تطلق ومن قال:
 امرأتي طالق مش..."
Page_V01P564,Page_V01P569,722.3941,109.6833,0.1518,0.0021," ومكافأة بإسلام أو حرية أو أصالة ويقتل جميع بواحد.
  والمذهب وجوبه على السكران ا..."," 000000000000000000000000000000000
  تحريم المبادرة فلا قصاص عليه إن
 كان قبل عف..."
Page_V01P156,Page_V01P228,659.5481,78.6225,0.1192,0.0024," ويصدق إن ثوب ولكل أن يصلي على النبي صلى الله عليه
 وسلم بعد فراغهما ثم : اللهم ..."," تلقين بالغ ولو شهيدا بعد دفن وزيارة قبور لرجل
  ما سيأتي فيه إذ لا يصير مسلما إ..."
Page_V01P254,Page_V01P348,602.3626,72.6233,0.1206,0.0035," 0000000000000000000000000000000000
  وغيره حتى بالفقر ويجوز للمكفي بها
 الأخذ ب..."," وليس له رهن لآخر ووطء وتزويج لا منه.
  وعلف دابة وأجرة رد آبق ومكان حفظ
 وإعادة..."
Page_V01P217,Page_V01P220,632.9692,51.2726,0.081,0.004," ودفنه في حفرة تمنع رائحة وسبعا,
  وأفتى ابن الصلاح بحرمة ستر
 الجنازة بحرير ولو..."," ونبش لغسل ولا تدفن امرأة في بطنها جنين حتى يتحقق
 موته وووري سقط فإن اختلج صلي ..."
Page_V01P566,Page_V01P596,881.5242,89.9892,0.1021,0.0031," وثلاثون جذعة وأربعون خلفة ومخمسة في خطأ من بنات
 مخاض ولبون وبني لبون وحقاق وجذ..."," وابتداؤه سنة,
  ويجب اتصال الرد بالسلام كاتصال
 قبول البيع بإيجابه ولا بأس بتقد..."
Page_V01P329,Page_V01P480,859.6112,153.6578,0.1788,0.0019, وكل بفرقة بدن عرفا، وخلف نافي فرقة أو فسخ قبلها، ولهما شرط خيار ثلاثة  أيام فأق...," وبرص غير,
  يتقطع وبرص مستحكم وهو بياض شديد
 يذهب دموية الجلد وإن قلا.
 وعلامة ..."
Page_V01P655,Page_V01P507,634.519,68.0799,0.1073,0.0079," وشرط لشهادة بفعل كزنا إبصار وبقول كعقد هو وسمع,
  قدرها الأكثرون بسنة لان الفصو..."," لا مكره بمحذور,
  بخلاف سكران لم يتعد بتناول مسكر
 كأن أكره عليه أو لم يعلم أنه..."
Page_V01P556,Page_V01P490,192.5252,15.62,0.0811,0.0121," | فصل [في بيان أحكام الحضانة ونفقة المملوك]
 والأولى بالحضانة وهي تربية من لا ي..."," 000000000000000000000000000000000
  بما وصلها منه كما صرح به جمع
 محققون.
 ولو ..."
Page_V01P497,Page_V01P143,701.649,81.1548,0.1157,0.001," بلا إطالة وأكثره ثلاث ولجديدة بكر سبع وثيب ثلاث,
  نفقة وتعرف خبر بلا إطالة في ..."," ولاء ولو سهوا كثلاث خطوات توالت لا بحركات خفيفة
 كتحريك أصابع أو جفن,
  حال كون..."
Page_V01P202,Page_V01P320,593.2102,69.9361,0.1179,0.0063," وعربية وقيام قادر عليه وطهر وستر وجلوس بينهما
  قال شيخنا: لا تجب الجمعة على
 أ..."," وطهره ورؤيته.
  برضاه قبل توفية الثمن حل له أكله
 أو بعدها مع علمه أنه حرام حل ..."
Page_V01P445,Page_V01P158,563.921,79.3547,0.1407,0.0087," ونظر كل الآخر غير عورة ,
  للأخبار الثابتة في السنن وقد
 أوردت جملة منها في كتا..."," يسن أربع ركعات قبل عصر وظهر وبعده وركعتان بعد مغرب
 وعشاء وقبلهما
  ويعبر عنه ب..."
Page_V01P411,Page_V01P236,666.2338,86.0301,0.1291,0.0033," ولموقوف عليه ريع,
  بعض الأيام.
 وقال النووي: وإن أخل استناب لعذر كمرض أو حبس ب..."," 000000000000000000000000000000000
  ذلك قصدا أم نبت اتفاقا كما في
 المجموع حاكي..."
Page_V01P093,Page_V01P095,639.1985,90.7578,0.142,0.0036," وسن إضافة إلى الله وتعرض لأداء أو قضاء ولاستقبال
 وعدد ركعات ونطق بمنوي.
 وتكبي..."," ويجب إسماعه نفسه كسائر ركن قولي وسن جزم رائه ورفع
 كفيه بكشف حذو منكبيه
  وهي س..."
Page_V01P159,Page_V01P052,615.7522,60.016,0.0975,0.0023," وصبح
  أخرهما وركعتان قبل صبح ويسن
 تخفيفهما وقراءة الكافرون والإخلاص فيهما لخب..."," بكل خشن لكل صلاة,
  للصائم] : لولا أن أشق على أمتي
 لأمرتهم بالسواك عند كل وضوء..."
Page_V01P282,Page_V01P283,581.0373,88.195,0.1518,0.0014," 
 | باب الحج والعمرة
 | مدخل
 ...
 باب الحج [والعمرة]
  باب الحج [والعمرة]
 وهو..."," يجبان على مكلف حر مستطيع
  قال شيخنا في حاشية الإيضاح: قوله:
 كيوم ولدته أمه يش..."
Page_V01P511,Page_V01P668,802.9658,110.2593,0.1373,0.0042," وبكناية مع نية مقترنة بأولها ك: أنت علي حرام وخلية
 وبائن وحرة وكأمي ويا بنتي و..."," ولو ملك بعضه عتق عليه ومن قال: أنت حر بعد موتي فهو
 مدبر يعتق بعد وفاته وبطل بن..."
Page_V01P374,Page_V01P323,503.1416,51.5787,0.1025,0.0082," 
 | باب في الإجارة
 تصح إجارة بإيجاب كأجرتك بكذا وقبول كاستأجرت بأجر معلوم.
  ب..."," قبض رأس مال قبل تفرق وكون مسلم فيه دينا ومقدورا في
 محله ومعلوم قدر.
  المذكورة..."
Page_V01P308,Page_V01P305,655.254,70.3042,0.1073,0.0103," 000000000000000000000000000000000
  واحد فيما لو انفلتت شفرته فردها
 حالا أنه ي..."," 000000000000000000000000000000000
  مبتدعات العوام الجهلة فينبغي
 الانكفاف عنها..."
Page_V01P539,Page_V01P537,743.3853,101.8508,0.137,0.0011," مع لحاف لشتاء وعليه آلة  تنظيف كمشط ودهن
  ما يلبس في رجلها ويعتبر في نوعه
 عرف..."," إن لم تؤاكله بأدم
  وإنما تجب النفقة وقت طلوع فجر كل
 يوم فيوم  إن لم تؤاكله عل..."
Page_V01P343,Page_V01P341,710.9351,75.7397,0.1065,0.0031," ونفع بلا شرط
  الإقراض بقيمة بمحل الإقراض وقت
 المطالبة فيما لنقله مؤنة ولم يتح..."," وقبول
  ولو قال لمضطر أطعمتك بعوض فأنكر
 صدق المطعم حملا للناس على هذه المكرمة...."
